ResponseId,Finished,Duration (in seconds),Status,SC0,gender,age,race,hispanic_origin,education,country_origin,region,politics,1_expert_trust,2_expert_trust,3_expert_trust,4_expert_trust,5_expert_trust,6_expert_trust,1_health_engagement,2_health_engagement,3_health_engagement,4_health_engagement,5_health_engagement,info_source,attention1,attention2,attention_meat_exp,attention_oil_inf,attention_meat_infl,attention_oil_exp,Q_RecaptchaScore,Q_DuplicateRespondent,complete,meat_exp_accurate,meat_exp_authentic,meat_exp_believable,dmy1_slp_accurate,dmy1_slp_authentic,dmy1_slp_believable,dmy2_wt_accurate,dmy2_wt_authentic,dmy2_wt_believable,oil_infl_accurate,post_oil_authentic,post_oil_believable,meat_infl_accurate,meat_infl_authentic,meat_infl_believable,oil_exp_accurate,oil_exp_authentic,oil_exp_believable,condition_sequence,order_pattern,post_meat_source,post_oil_source,keep_flag,expert_trust_index,health_engagement_index,meat_exp_cred,meat_infl_cred,meat_cred,oil_exp_cred,oil_infl_cred,oil_cred,age_group
R_747Wu9pgGjmO20T,1,156,0,1,1,18-24,2,2,2,1,3,2,5,7,5,7,6,5,5,6,7,7,6,"4,5",4,3,,,4,1,0.800000011920929,,1,,,,5,7,4,4,7,5,,,,4,5,4,4,7,5,influencer_meat_expert_oil,tfft,influencer,expert,1,6,6.2,,4.33333333333333,4.33333333333333,5.33333333333333,,5.33333333333333,18-34
R_6g0c3mm8t9mAeOV,1,357,0,2,1,25-34,1,2,5,1,4,6,7,6,5,5,7,7,7,6,7,5,7,"1,3,4",4,3,2,2,,,1,,1,7,6,7,7,6,7,7,6,7,7,6,7,,,,,,,expert_meat_influencer_oil,ftft,expert,influencer,0,6,6.4,6.66666666666667,,6.66666666666667,,6.66666666666667,6.66666666666667,18-34
R_6CDm0fPllZH9681,1,251,0,3,2,35-44,1,2,1,1,3,7,7,7,7,7,7,7,7,7,7,7,7,1,4,7,4,2,,,0.899999976158142,,1,7,7,7,7,7,7,7,7,7,7,7,7,,,,,,,expert_meat_influencer_oil,tfft,expert,influencer,0,7,7,7,,7,,7,7,35-54
R_12oix1411U5MmVL,1,187,0,2,1,25-34,1,2,4,1,2,2,7,7,7,7,7,7,6,7,7,7,7,"1,2,3,4,6,5",4,3,,,2,2,0.899999976158142,,1,,,,7,7,7,7,7,7,,,,7,7,7,7,7,7,influencer_meat_expert_oil,tfft,influencer,expert,1,7,6.8,,7,7,7,,7,18-34
R_7syvAL9ZbjGPSU0,1,413,0,2,2,45-54,2,2,3,1,4,4,6,5,6,5,5,6,2,2,2,3,3,"1,2,3",4,3,,,5,6,1,,1,,,,4,4,5,5,5,5,,,,4,3,5,5,6,6,influencer_meat_expert_oil,ftft,influencer,expert,1,5.4,2.4,,4,4,5.66666666666667,,5.66666666666667,35-54
R_6UXkBa6PsKbaonS,1,15,0,0,,,,,,,,,,,,,,,,,,,,,,,,,,,0.800000011920929,,0,,,,,,,,,,,,,,,,,,,,,,,0,,,,,,,,,55+
R_6gAUGQ9MRAfGItW,1,185,0,3,2,25-34,1,1,3,1,3,2,6,6,6,6,6,6,6,6,6,6,6,"2,6",4,6,,,3,4,0.899999976158142,,1,,,,6,6,6,7,5,7,,,,6,6,6,6,6,6,influencer_meat_expert_oil,tfft,influencer,expert,0,6,6,,6,6,6,,6,18-34
R_3sbAgHDyBjX690L,1,307,0,0,1,45-54,1,2,3,1,1,3,4,6,6,4,1,5,1,1,1,1,1,8,4,3,1,1,,,0.800000011920929,,1,4,4,4,4,4,4,4,4,4,4,4,4,,,,,,,expert_meat_influencer_oil,tfft,expert,influencer,1,4.2,1,4,,4,,4,4,35-54
R_6ozkmsHnlx6QrK5,1,199,0,2,1,35-44,1,2,2,1,1,4,7,7,7,7,7,7,7,7,7,7,7,4,4,3,,,3,4,1,,1,,,,7,7,7,7,7,7,,,,7,7,7,7,7,7,influencer_meat_expert_oil,tfft,influencer,expert,1,7,7,,7,7,7,,7,35-54
R_59buhy1OPeOHm8U,1,284,0,2,1,18-24,1,2,5,1,3,1,7,7,7,7,7,7,7,7,7,7,7,"3,4,6",4,3,,,4,2,0.899999976158142,,1,,,,7,7,7,7,7,7,,,,7,7,7,7,7,7,influencer_meat_expert_oil,ftft,influencer,expert,1,7,7,,7,7,7,,7,18-34
R_6PniOkuVKR5NaCe,1,261,0,0,2,55-64,1,2,2,1,1,5,7,5,7,4,5,7,7,7,7,5,6,"1,3,4",4,3,1,1,,,0.200000002980232,,1,7,7,7,7,7,7,7,7,7,6,6,6,,,,,,,expert_meat_influencer_oil,tfft,expert,influencer,0,5.6,6.4,7,,7,,6,6,55+
R_6Ih1UvOYSiBjiKJ,1,474,0,3,1,18-24,5,2,1,1,1,4,4,4,4,4,4,4,4,4,4,4,4,4,4,4,2,5,,,0.800000011920929,,1,4,4,4,4,4,4,4,4,4,4,4,4,,,,,,,expert_meat_influencer_oil,ftft,expert,influencer,0,4,4,4,,4,,4,4,18-34
R_1zdTghvVj4n23jv,1,391,0,2,1,25-34,1,2,4,1,2,4,6,6,7,7,7,7,7,7,7,6,7,"1,2,4,6,5",4,3,4,2,,,1,,1,7,7,7,7,7,7,7,7,7,7,7,7,,,,,,,expert_meat_influencer_oil,ftft,expert,influencer,0,6.6,6.8,7,,7,,7,7,18-34
R_5F4AcuhdXJjtg0E,1,9,0,0,,,,,,,,,,,,,,,,,,,,,,,,,,,1,,0,,,,,,,,,,,,,,,,,,,,,,,0,,,,,,,,,55+
R_6pidewQN8abB8I1,1,284,0,1,1,25-34,1,2,4,1,3,5,5,6,4,6,5,5,4,4,4,5,5,2,4,3,1,2,,,0.899999976158142,,1,4,4,4,4,3,4,4,4,4,4,4,4,,,,,,,expert_meat_influencer_oil,ftft,expert,influencer,0,5.2,4.4,4,,4,,4,4,18-34
R_1M6rxtcmfiB7O60,1,308,0,2,2,55-64,1,2,2,1,1,6,4,4,5,5,5,4,6,6,5,6,7,"1,3",4,3,2,2,,,0.800000011920929,,1,6,6,6,4,5,5,6,6,6,6,6,6,,,,,,,expert_meat_influencer_oil,ftft,expert,influencer,0,4.6,6,6,,6,,6,6,55+
R_6WSUVyQVR1v3tnt,1,334,0,0,,,,,,,,,,,,,,,,,,,,,,,,,,,1,,0,,,,,,,,,,,,,,,,,,,,,,,0,,,,,,,,,55+
R_3JJvyPGLHrH2e5E,1,185,0,3,1,55-64,4,2,3,1,3,4,4,4,4,2,3,3,5,4,5,5,4,3,5,4,2,1,,,1,,1,3,3,3,3,5,2,3,5,3,3,3,5,,,,,,,expert_meat_influencer_oil,tfft,expert,influencer,0,3.4,4.6,3,,3,,3.66666666666667,3.66666666666667,55+
R_7kAQi0L4FZ1MdO2,1,112,0,0,1,25-34,1,1,5,111,4,,,,,,,,,,,,,,,,,,,,1,,0,,,,,,,,,,,,,,,,,,,,,,,0,,,,,,,,,18-34
R_545V1QlwfT9Jj4t,1,593,0,0,2,25-34,,2,3,1,1,4,6,6,5,3,1,6,6,6,6,6,6,"2,3",4,3,,,1,1,0.800000011920929,,1,,,,5,1,5,5,2,5,,,,6,2,5,5,2,5,influencer_meat_expert_oil,ftft,influencer,expert,1,4.2,6,,4.33333333333333,4.33333333333333,4,,4,18-34
R_6HT75unMMj0YD2C,1,345,0,2,1,25-34,1,2,5,1,4,2,7,6,6,5,6,5,5,6,6,5,6,"1,2,3",4,3,,,4,3,0.699999988079071,,1,,,,5,6,7,6,5,5,,,,5,6,6,7,6,5,influencer_meat_expert_oil,tfft,influencer,expert,1,6,5.6,,5.66666666666667,5.66666666666667,6,,6,18-34
R_7dJXVUMlYX69wQh,1,166,0,1,2,25-34,2,2,2,1,1,1,7,7,7,7,7,7,7,7,7,7,7,"1,2,6,5",4,3,,,3,1,0.800000011920929,,1,,,,7,7,7,7,7,7,,,,7,7,7,7,7,7,influencer_meat_expert_oil,tfft,influencer,expert,1,7,7,,7,7,7,,7,18-34
R_1uKAHCTgGKtIxod,1,156,0,3,1,25-34,1,1,2,1,1,3,4,4,5,6,2,6,6,5,4,2,5,3,5,4,1,3,,,0.800000011920929,,1,2,5,4,5,2,4,5,6,3,2,3,5,,,,,,,expert_meat_influencer_oil,tfft,expert,influencer,0,4.2,4.4,3.66666666666667,,3.66666666666667,,3.33333333333333,3.33333333333333,18-34
R_7Qsz21fBJUymXlL,1,243,0,1,1,18-24,2,2,2,1,3,4,7,2,5,7,6,7,4,7,7,7,7,"1,2,5",4,3,,,2,1,1,,1,,,,7,6,7,7,7,7,,,,6,6,5,7,6,7,influencer_meat_expert_oil,ftft,influencer,expert,1,5.4,6.4,,5.66666666666667,5.66666666666667,6.66666666666667,,6.66666666666667,18-34
R_5kM6C8RLujHkUaY,1,145,0,3,2,18-24,1,1,2,1,3,4,4,2,2,2,5,2,7,5,6,5,6,3,4,4,2,4,,,0.800000011920929,,1,4,2,4,4,4,5,5,2,5,3,6,4,,,,,,,expert_meat_influencer_oil,tfft,expert,influencer,0,3,5.8,3.33333333333333,,3.33333333333333,,4.33333333333333,4.33333333333333,18-34
R_3Jn05ODDmGGu66i,1,331,0,1,2,35-44,1,2,2,1,2,5,6,5,7,4,3,7,6,6,6,6,6,"2,3,6",4,3,1,2,,,0.800000011920929,,1,4,5,6,6,6,6,7,7,7,6,6,6,,,,,,,expert_meat_influencer_oil,ftft,expert,influencer,0,5,6,5,,5,,6,6,35-54
R_1HBmrZiIbOE5J2M,1,188,0,2,1,25-34,1,2,5,1,3,6,7,7,7,6,4,6,7,6,5,6,7,"2,4,6",4,3,,,2,6,1,,1,,,,7,7,7,7,7,7,,,,4,6,7,7,7,4,influencer_meat_expert_oil,tfft,influencer,expert,1,6.2,6.2,,5.66666666666667,5.66666666666667,6,,6,18-34
R_7QLVI0d9G3vKJyf,1,150,0,0,2,18-24,1,2,4,1,3,2,6,5,6,7,5,6,7,7,6,7,6,"3,5",4,3,1,1,,,0.800000011920929,,1,7,7,7,6,6,5,3,2,1,7,7,7,,,,,,,expert_meat_influencer_oil,ftft,expert,influencer,1,5.8,6.6,7,,7,,7,7,18-34
R_6oEYX6pDv6iidjM,1,379,0,0,2,25-34,2,2,2,1,2,4,5,5,6,5,4,5,6,6,6,5,6,"1,2",4,3,,,1,1,0.800000011920929,,1,,,,4,4,4,6,6,6,,,,5,5,5,5,5,5,influencer_meat_expert_oil,ftft,influencer,expert,1,5,5.8,,5,5,5,,5,18-34
R_6WQnCb1uDkShvcl,1,363,0,0,2,55-64,1,2,4,1,1,3,6,7,7,3,1,5,7,7,7,7,6,1,4,3,,,1,1,0.800000011920929,,1,,,,7,7,7,7,7,7,,,,6,5,7,7,7,7,influencer_meat_expert_oil,ftft,influencer,expert,1,4.8,6.8,,6,6,7,,7,55+
R_59tv540oODFEXId,1,228,0,0,2,35-44,1,2,3,1,1,4,7,4,7,7,5,7,7,6,7,7,7,"1,2,3,4",4,3,1,1,,,0.800000011920929,,1,6,7,6,7,7,7,7,7,7,7,7,7,,,,,,,expert_meat_influencer_oil,tfft,expert,influencer,1,6,6.8,6.33333333333333,,6.33333333333333,,7,7,35-54
R_7LBBIxglieEhJVz,1,301,0,2,1,35-44,2,2,4,1,1,6,7,7,6,4,3,6,7,7,7,7,5,1,4,3,,,5,2,1,,1,,,,6,7,7,6,5,6,,,,4,7,7,7,7,7,influencer_meat_expert_oil,ftft,influencer,expert,1,5.4,6.6,,6,6,7,,7,35-54
R_1n6HZrUoAWkhrFr,1,291,0,2,1,55-64,4,2,2,1,2,2,7,5,7,1,4,7,6,5,7,7,7,6,4,3,,,2,2,0.800000011920929,,1,,,,5,5,5,6,6,7,,,,5,5,5,7,7,7,influencer_meat_expert_oil,tfft,influencer,expert,1,4.8,6.4,,5,5,7,,7,55+
R_5BaPFOC351LvWVj,1,262,0,0,2,25-34,1,2,2,1,2,3,6,6,6,4,3,2,4,4,4,5,5,1,4,3,,,1,1,1,,1,,,,5,5,5,5,4,5,,,,3,3,3,5,5,6,influencer_meat_expert_oil,ftft,influencer,expert,1,5,4.4,,3,3,5.33333333333333,,5.33333333333333,18-34
R_6Wvr6uwCwVc9sw9,1,305,0,2,2,45-54,1,2,3,1,3,6,7,7,7,7,7,7,7,7,7,7,7,"1,2,6",4,3,,,2,2,0.800000011920929,,1,,,,7,7,7,7,7,7,,,,7,7,7,7,7,7,influencer_meat_expert_oil,tfft,influencer,expert,1,7,7,,7,7,7,,7,35-54
R_55GVKqhaLDmGgNh,1,242,0,3,1,Under18,2,2,2,1,3,3,3,3,4,3,5,5,6,5,6,5,4,"2,3,4,6",4,2,,,4,6,0.800000011920929,,1,,,,3,6,4,5,7,6,,,,4,5,5,4,4,2,influencer_meat_expert_oil,tfft,influencer,expert,0,3.6,5.2,,4.66666666666667,4.66666666666667,3.33333333333333,,3.33333333333333,55+
R_6cmTlo71pYgrWhz,1,60,0,0,2,Under18,1,2,5,64,2,,,,,,,,,,,,,,,,,,,,0.600000023841858,,0,,,,,,,,,,,,,,,,,,,,,,,0,,,,,,,,,55+
R_3uLywV4Kd8FePXr,1,314,0,0,1,45-54,1,2,3,1,3,4,6,5,6,5,2,4,2,2,3,5,5,"1,3,8",4,3,1,1,,,1,,1,4,5,5,5,4,5,5,3,5,4,5,6,,,,,,,expert_meat_influencer_oil,ftft,expert,influencer,1,4.8,3.4,4.66666666666667,,4.66666666666667,,5,5,35-54
R_6LPy8SQukzNdAE9,1,168,0,1,1,35-44,1,2,2,1,1,3,6,6,6,6,6,6,6,6,6,5,5,"1,6",4,3,1,3,,,0.800000011920929,,1,5,5,6,7,6,5,5,6,6,5,4,5,,,,,,,expert_meat_influencer_oil,ftft,expert,influencer,0,6,5.6,5.33333333333333,,5.33333333333333,,4.66666666666667,4.66666666666667,35-54
R_6DqgbjyCbJxYxwM,1,443,0,0,1,55-64,1,2,2,1,1,4,5,5,5,6,1,5,2,2,1,4,4,"1,3,8",4,3,1,1,,,0.899999976158142,,1,5,6,5,6,6,6,6,5,6,4,5,4,,,,,,,expert_meat_influencer_oil,ftft,expert,influencer,1,4.4,2.6,5.33333333333333,,5.33333333333333,,4.33333333333333,4.33333333333333,55+
R_5mE2Pucwl3egn7I,1,858,0,0,1,55-64,1,2,6,1,2,4,6,6,7,3,1,5,5,4,3,5,5,"1,5",4,3,1,1,,,0.800000011920929,,1,5,4,5,5,5,4,5,4,3,6,5,6,,,,,,,expert_meat_influencer_oil,tfft,expert,influencer,1,4.6,4.4,4.66666666666667,,4.66666666666667,,5.66666666666667,5.66666666666667,55+
R_1whnBIusojJXmnf,1,223,0,0,1,25-34,1,2,5,1,3,7,6,6,6,6,5,6,6,6,6,6,6,"3,4,6,5",4,3,1,1,,,1,,1,6,7,6,6,5,6,6,5,6,6,5,7,,,,,,,expert_meat_influencer_oil,ftft,expert,influencer,1,5.8,6,6.33333333333333,,6.33333333333333,,6,6,18-34
R_5SleVOImmcO4LMC,1,291,0,0,2,35-44,4,2,4,1,4,4,6,3,6,4,5,3,6,5,6,4,6,6,4,3,,,1,1,0.800000011920929,,1,,,,6,6,7,4,4,3,,,,6,4,7,4,6,6,influencer_meat_expert_oil,ftft,influencer,expert,1,4.8,5.4,,5.66666666666667,5.66666666666667,5.33333333333333,,5.33333333333333,35-54
R_6I1NvXnknuqvD5n,1,238,0,0,2,55-64,1,2,5,1,3,5,6,6,7,5,1,5,6,6,5,6,7,1,4,3,1,1,,,0.899999976158142,,1,4,5,4,6,6,6,6,6,6,3,4,4,,,,,,,expert_meat_influencer_oil,tfft,expert,influencer,1,5,6,4.33333333333333,,4.33333333333333,,3.66666666666667,3.66666666666667,55+
R_3tbT0mdGVZt92By,1,220,0,2,2,Under18,1,2,2,1,2,7,7,7,7,7,2,2,7,7,7,7,6,4,4,7,,,1,6,0.800000011920929,,1,,,,1,1,1,1,1,1,,,,1,1,1,1,1,1,influencer_meat_expert_oil,tfft,influencer,expert,0,6,6.8,,1,1,1,,1,55+
R_36AawCjv8dZd8tz,1,288,0,0,1,35-44,1,2,4,1,1,7,6,5,7,7,6,6,7,6,6,6,7,"1,2,3,4",4,3,,,1,1,0.899999976158142,,1,,,,5,6,6,7,7,7,,,,4,5,5,7,7,7,influencer_meat_expert_oil,tfft,influencer,expert,1,6.2,6.4,,4.66666666666667,4.66666666666667,7,,7,35-54
R_7BIttDEUuQuMf3X,1,239,0,1,1,35-44,1,2,5,1,3,6,5,6,6,6,5,5,5,5,6,6,5,"1,2,3,4,6,5",4,3,,,1,2,0.800000011920929,,1,,,,6,4,6,6,5,6,,,,5,6,6,5,5,6,influencer_meat_expert_oil,tfft,influencer,expert,1,5.6,5.4,,5.66666666666667,5.66666666666667,5.33333333333333,,5.33333333333333,35-54
R_5LODvqWZPBD5fLb,1,219,0,0,2,45-54,1,2,4,1,2,4,6,6,6,3,4,5,6,6,7,6,6,"1,3,6",4,3,,,1,1,1,,1,,,,5,4,5,6,5,6,,,,2,3,1,6,6,6,influencer_meat_expert_oil,ftft,influencer,expert,1,5,6.2,,2,2,6,,6,35-54
R_6S8LOX6dBLIIyho,1,313,0,3,2,35-44,2,2,3,1,3,3,4,5,5,4,4,5,3,5,5,4,5,1,4,4,,,3,3,0.800000011920929,,1,,,,3,4,2,4,3,5,,,,4,4,4,4,5,3,influencer_meat_expert_oil,ftft,influencer,expert,0,4.4,4.4,,4,4,4,,4,35-54
R_7KxOSjQGNdJWEwL,1,255,0,3,2,25-34,1,2,2,1,4,2,6,6,6,6,6,6,6,6,6,6,6,3,4,7,,,5,6,0.800000011920929,,1,,,,1,1,1,1,7,7,,,,1,1,1,2,7,5,influencer_meat_expert_oil,tfft,influencer,expert,0,6,6,,1,1,4.66666666666667,,4.66666666666667,18-34
R_6SBvFMNm817iwpb,1,445,0,2,2,18-24,,2,2,1,1,7,7,7,7,6,7,7,7,6,7,6,7,"1,3,4",4,3,2,4,,,0.800000011920929,,1,7,7,6,7,7,7,7,7,7,7,7,7,,,,,,,expert_meat_influencer_oil,tfft,expert,influencer,0,6.8,6.6,6.66666666666667,,6.66666666666667,,7,7,18-34
R_3Gd3D51n7axiShR,1,344,0,2,2,35-44,1,2,5,1,1,5,4,5,4,4,4,5,5,4,4,4,3,4,4,5,1,4,,,0.899999976158142,,1,4,5,5,5,6,5,5,6,6,6,6,6,,,,,,,expert_meat_influencer_oil,tfft,expert,influencer,0,4.2,4,4.66666666666667,,4.66666666666667,,6,6,35-54
R_5vcTrNWg8uzLhS9,1,279,0,0,2,45-54,4,2,2,1,4,7,5,4,5,3,5,5,5,5,6,5,5,"3,4,8",4,3,1,1,,,0.899999976158142,,1,7,7,7,7,7,7,7,7,7,7,7,7,,,,,,,expert_meat_influencer_oil,tfft,expert,influencer,1,4.4,5.2,7,,7,,7,7,35-54
R_5GCjgtBdC1OpRCp,1,287,0,0,2,35-44,1,1,4,1,3,2,6,6,6,7,7,7,6,5,6,6,6,4,4,3,,,1,1,1,,1,,,,5,5,5,6,7,7,,,,7,7,7,6,6,6,influencer_meat_expert_oil,ftft,influencer,expert,1,6.4,5.8,,7,7,6,,6,35-54
R_5CiTGgKyPG3tVOB,1,232,0,3,2,45-54,1,2,2,1,1,1,4,4,4,4,4,4,4,4,4,4,4,1,4,4,5,5,,,0.899999976158142,,1,4,4,4,4,4,4,4,4,4,4,4,4,,,,,,,expert_meat_influencer_oil,ftft,expert,influencer,0,4,4,4,,4,,4,4,35-54
R_1uMCxaUkgb9TMhX,1,368,0,0,1,55-64,1,2,2,1,3,6,5,4,5,5,1,3,5,7,5,5,5,1,4,3,1,1,,,1,,1,2,1,1,4,4,4,6,6,7,5,5,6,,,,,,,expert_meat_influencer_oil,ftft,expert,influencer,1,4,5.4,1.33333333333333,,1.33333333333333,,5.33333333333333,5.33333333333333,55+
R_37O4SEmlF1LabCs,1,245,0,0,2,18-24,1,2,4,1,3,3,7,7,7,5,4,6,6,6,5,7,6,"1,2,6",4,3,,,1,1,0.800000011920929,,1,,,,5,4,6,7,6,7,,,,4,6,4,7,7,7,influencer_meat_expert_oil,tfft,influencer,expert,1,6,6,,4.66666666666667,4.66666666666667,7,,7,18-34
R_107ae1ksLKvpLrZ,1,342,0,0,1,35-44,1,2,2,1,1,5,6,6,6,3,3,6,6,5,5,6,6,"1,3",4,3,1,1,,,0.800000011920929,,1,5,6,5,6,5,6,5,5,6,4,5,5,,,,,,,expert_meat_influencer_oil,ftft,expert,influencer,1,4.8,5.6,5.33333333333333,,5.33333333333333,,4.66666666666667,4.66666666666667,35-54
R_1Ii5O8hAe2PwUrY,1,256,0,0,2,Under18,1,2,1,1,4,4,4,4,4,4,4,4,4,5,4,4,4,4,4,3,,,1,1,0.800000011920929,,1,,,,4,4,4,4,4,4,,,,4,4,4,4,4,4,influencer_meat_expert_oil,tfft,influencer,expert,1,4,4.2,,4,4,4,,4,55+
R_3FkxDdOGtyY28M1,1,290,0,0,1,25-34,1,1,3,1,3,6,6,5,5,7,1,6,6,5,5,5,5,"1,6",4,3,1,1,,,1,,1,5,4,6,5,5,5,5,3,6,5,4,4,,,,,,,expert_meat_influencer_oil,tfft,expert,influencer,1,4.8,5.2,5,,5,,4.33333333333333,4.33333333333333,18-34
R_581BhIhUU48MjIt,1,442,0,0,2,Under18,5,1,2,1,3,4,6,6,7,3,5,6,7,7,6,7,7,"3,4",4,3,,,1,1,0.899999976158142,,1,,,,4,6,4,1,1,1,,,,7,7,7,7,7,7,influencer_meat_expert_oil,ftft,influencer,expert,1,5.4,6.8,,7,7,7,,7,55+
R_62RuUyI1KbyNBpQ,1,277,0,1,1,25-34,1,2,2,1,4,6,7,6,7,6,2,7,7,6,5,6,5,"2,6",4,3,3,1,,,1,,1,5,5,5,6,6,6,7,6,6,6,5,6,,,,,,,expert_meat_influencer_oil,tfft,expert,influencer,0,5.6,5.8,5,,5,,5.66666666666667,5.66666666666667,18-34
R_5LtHaiNuRy5j644,1,268,0,0,2,25-34,1,2,2,1,1,4,4,5,5,5,6,5,6,5,5,5,6,"1,4",4,3,1,1,,,0.200000002980232,,1,7,4,5,7,7,7,7,7,7,4,6,7,,,,,,,expert_meat_influencer_oil,ftft,expert,influencer,0,5,5.4,5.33333333333333,,5.33333333333333,,5.66666666666667,5.66666666666667,18-34
R_5k3jmOoG5KAwLxn,1,336,0,0,1,55-64,1,2,2,1,1,7,6,6,5,1,1,7,5,6,4,5,6,"1,5",4,3,1,1,,,1,,1,5,5,5,4,4,3,5,5,6,5,5,5,,,,,,,expert_meat_influencer_oil,ftft,expert,influencer,1,3.8,5.2,5,,5,,5,5,55+
R_68rQYPfw5SqsTeh,1,276,0,2,1,Under18,1,2,3,1,3,4,3,4,4,5,4,4,6,5,5,5,5,"1,4,6",4,3,,,5,2,0.800000011920929,,1,,,,6,4,2,6,7,5,,,,4,3,6,6,6,5,influencer_meat_expert_oil,ftft,influencer,expert,1,4,5.2,,4.33333333333333,4.33333333333333,5.66666666666667,,5.66666666666667,55+
R_52lH6FDCiBDMHEZ,1,321,0,3,2,35-44,2,2,3,1,3,4,4,4,4,4,4,6,4,5,4,4,5,4,4,4,4,2,,,0.800000011920929,,1,4,4,4,4,4,4,4,4,4,5,6,5,,,,,,,expert_meat_influencer_oil,ftft,expert,influencer,0,4,4.4,4,,4,,5.33333333333333,5.33333333333333,35-54
R_61TQ6znSCBUq3y5,1,301,0,2,2,35-44,2,2,3,1,3,4,4,4,4,4,4,4,4,4,4,4,4,"1,6",4,3,,,2,3,1,,1,,,,4,4,4,4,4,4,,,,4,4,4,5,4,4,influencer_meat_expert_oil,tfft,influencer,expert,1,4,4,,4,4,4.33333333333333,,4.33333333333333,35-54
R_5WYnggyvH5LNrBE,1,282,0,2,1,35-44,1,2,4,1,3,7,6,7,6,6,2,7,7,7,6,6,6,"1,4",4,3,4,3,,,0.800000011920929,,1,6,7,6,6,6,7,6,6,6,6,6,7,,,,,,,expert_meat_influencer_oil,ftft,expert,influencer,0,5.4,6.4,6.33333333333333,,6.33333333333333,,6.33333333333333,6.33333333333333,35-54
R_5oSGDRp3ljuLct0,1,335,0,0,1,55-64,1,2,3,1,2,5,6,5,6,3,2,6,6,6,6,6,6,"1,3",4,3,,,1,1,1,,1,,,,5,4,3,5,5,5,,,,5,5,5,4,4,4,influencer_meat_expert_oil,ftft,influencer,expert,1,4.4,6,,5,5,4,,4,55+
R_5Z2r9dAzLIU33CF,1,454,0,0,1,55-64,1,2,2,1,2,3,6,5,4,5,3,7,2,4,5,6,6,"1,3",4,3,,,1,1,1,,1,,,,5,5,5,5,5,5,,,,2,2,1,4,5,4,influencer_meat_expert_oil,ftft,influencer,expert,1,4.6,4.6,,1.66666666666667,1.66666666666667,4.33333333333333,,4.33333333333333,55+
R_1iQEJPSENnmKOYZ,1,385,0,3,1,45-54,1,2,1,1,3,6,4,4,5,6,4,3,4,4,1,4,2,5,1,3,,,2,3,0.800000011920929,,1,,,,3,3,3,2,2,2,,,,2,4,4,4,4,6,influencer_meat_expert_oil,tfft,influencer,expert,0,4.6,3,,3.33333333333333,3.33333333333333,4.66666666666667,,4.66666666666667,35-54
R_1izlDB7HCsSTGjE,1,398,0,0,2,55-64,1,2,4,1,3,6,5,5,5,5,4,4,6,7,6,6,6,"1,5",4,3,1,1,,,1,,1,6,6,6,6,6,6,5,5,5,4,4,3,,,,,,,expert_meat_influencer_oil,ftft,expert,influencer,1,4.8,6.2,6,,6,,3.66666666666667,3.66666666666667,55+
R_6ffyzvQogcw2VE2,1,377,0,0,2,55-64,1,2,1,1,4,4,3,5,5,5,1,4,4,5,3,3,3,1,4,3,,,1,1,0.899999976158142,,1,,,,4,4,4,7,7,7,,,,1,1,1,4,4,4,influencer_meat_expert_oil,ftft,influencer,expert,1,3.8,3.6,,1,1,4,,4,55+
R_6YYsuE0GB3rlCqO,1,444,0,0,2,45-54,1,2,3,1,3,4,4,4,4,5,7,7,6,4,4,4,5,"2,3,6",4,3,,,1,1,0.5,,1,,,,7,7,7,4,4,4,,,,1,1,1,3,3,3,influencer_meat_expert_oil,tfft,influencer,expert,1,4.8,4.6,,1,1,3,,3,35-54
R_3yuw9PFBp2RMQil,1,368,0,0,2,55-64,1,2,3,1,2,2,5,6,6,4,6,4,5,5,5,5,5,6,4,3,1,1,,,0.800000011920929,,1,4,1,1,1,1,1,5,5,5,5,4,5,,,,,,,expert_meat_influencer_oil,tfft,expert,influencer,1,5.4,5,2,,2,,4.66666666666667,4.66666666666667,55+
R_5kRHmyXqrrYjyZU,1,428,0,0,2,Under18,2,2,2,1,1,4,4,4,4,4,4,6,5,6,4,4,5,"1,2,6",4,3,1,1,,,0.899999976158142,,1,6,5,5,5,4,4,7,6,6,4,5,4,,,,,,,expert_meat_influencer_oil,ftft,expert,influencer,1,4,4.8,5.33333333333333,,5.33333333333333,,4.33333333333333,4.33333333333333,55+
R_3cjSYplLQwSt4YI,1,397,0,3,2,35-44,1,1,3,1,3,7,7,7,7,7,7,7,7,7,7,7,7,"1,3,5",4,2,,,4,4,0.5,,1,,,,7,7,7,7,7,7,,,,7,7,7,7,7,7,influencer_meat_expert_oil,ftft,influencer,expert,0,7,7,,7,7,7,,7,35-54
R_6CdcSavN0H5wpTX,1,375,0,0,2,45-54,4,2,4,1,4,4,4,4,4,5,3,5,5,6,5,5,5,"1,3,6",4,3,,,1,1,1,,1,,,,5,4,5,6,5,6,,,,6,5,6,4,4,4,influencer_meat_expert_oil,ftft,influencer,expert,1,4,5.2,,5.66666666666667,5.66666666666667,4,,4,35-54
R_72XBAZLUyXpti3j,1,288,0,1,2,18-24,1,2,3,1,1,2,6,6,5,2,3,6,6,6,6,6,6,"1,2,3",4,3,1,3,,,1,,1,6,6,6,5,6,6,6,6,6,6,6,6,,,,,,,expert_meat_influencer_oil,tfft,expert,influencer,0,4.4,6,6,,6,,6,6,18-34
R_5re32KZRsxtR97P,1,396,0,0,1,18-24,2,2,3,1,2,4,7,6,7,5,5,7,5,7,6,7,7,"1,2,3,4,6",4,3,,,1,1,1,,1,,,,7,4,5,5,5,4,,,,7,5,7,7,6,7,influencer_meat_expert_oil,tfft,influencer,expert,1,6,6.4,,6.33333333333333,6.33333333333333,6.66666666666667,,6.66666666666667,18-34
R_5WTmTROurDFkWi2,1,421,0,0,1,55-64,2,2,4,1,3,4,7,7,7,1,7,4,7,7,7,7,7,"1,6",4,3,1,1,,,0.899999976158142,,1,4,4,4,7,7,7,7,7,7,4,4,4,,,,,,,expert_meat_influencer_oil,tfft,expert,influencer,1,5.8,7,4,,4,,4,4,55+
R_6f728Po0vqvEK6S,1,582,0,2,2,25-34,2,2,2,1,3,4,6,6,6,5,4,6,6,6,6,6,4,"1,2,3,4",4,3,3,4,,,1,,1,4,6,5,6,5,6,5,5,5,4,5,6,,,,,,,expert_meat_influencer_oil,tfft,expert,influencer,0,5.4,5.6,5,,5,,5,5,18-34
R_3GkqAHXd7nJKSoF,1,365,0,0,1,35-44,1,2,6,1,2,3,5,5,6,4,5,5,5,5,6,6,6,"1,3,4,6",4,3,,,1,1,1,,1,,,,4,4,5,5,5,5,,,,3,3,4,3,3,3,influencer_meat_expert_oil,ftft,influencer,expert,1,5,5.6,,3.33333333333333,3.33333333333333,3,,3,35-54
R_7odz98rq18HiDHH,1,353,0,0,1,35-44,1,2,2,1,1,2,4,4,4,4,4,4,7,7,5,6,7,"1,3,4,6,5",4,3,1,1,,,0.899999976158142,,1,7,7,7,7,7,7,7,7,7,7,7,7,,,,,,,expert_meat_influencer_oil,ftft,expert,influencer,1,4,6.4,7,,7,,7,7,35-54
R_5Ega2a7z4EsRoBV,1,379,0,0,2,55-64,1,2,4,1,3,7,5,6,6,3,2,7,7,7,7,7,7,"1,3",4,3,,,1,1,1,,1,,,,6,6,7,7,7,7,,,,6,7,7,7,7,7,influencer_meat_expert_oil,ftft,influencer,expert,1,4.4,7,,6.66666666666667,6.66666666666667,7,,7,55+
R_61HxlTXtmobGGWr,1,362,0,0,2,25-34,1,2,3,1,4,6,5,5,6,5,3,6,6,5,7,6,5,"4,6",4,3,,,1,1,1,,1,,,,7,7,7,7,6,6,,,,1,3,1,5,5,5,influencer_meat_expert_oil,tfft,influencer,expert,1,4.8,5.8,,1.66666666666667,1.66666666666667,5,,5,18-34
R_5qy5SjU9KLuYOM9,1,376,0,1,2,18-24,2,2,2,1,3,5,4,4,5,5,3,5,5,5,4,4,3,1,4,3,1,4,,,1,,1,4,4,4,4,4,4,4,4,4,5,4,4,,,,,,,expert_meat_influencer_oil,tfft,expert,influencer,0,4.2,4.2,4,,4,,4.33333333333333,4.33333333333333,18-34
R_5HnmWydrD6RDHy2,1,406,0,0,2,35-44,2,2,3,1,3,4,5,6,5,5,5,6,5,6,5,6,5,"1,2,3,4,6",4,3,1,1,,,1,,1,4,4,4,6,5,6,7,6,6,4,4,4,,,,,,,expert_meat_influencer_oil,tfft,expert,influencer,1,5.2,5.4,4,,4,,4,4,35-54
R_5wmTl1gYW5NksjT,1,480,0,0,1,18-24,1,2,4,1,4,4,6,6,5,5,5,5,6,6,4,5,5,"3,4,6",4,3,1,1,,,1,,1,3,3,5,5,5,5,6,5,4,4,5,6,,,,,,,expert_meat_influencer_oil,tfft,expert,influencer,1,5.4,5.2,3.66666666666667,,3.66666666666667,,5,5,18-34
R_1SlFptcOLVk4hi9,1,537,0,1,2,25-34,1,2,4,1,3,6,5,4,5,5,5,5,6,5,5,5,5,"2,3,4,6",4,3,1,5,,,0.899999976158142,,1,5,7,7,6,5,4,6,6,6,4,5,4,,,,,,,expert_meat_influencer_oil,tfft,expert,influencer,0,4.8,5.2,6.33333333333333,,6.33333333333333,,4.33333333333333,4.33333333333333,18-34
R_6GjK5PBktM5l9mN,1,505,0,0,1,35-44,3,2,3,1,1,5,5,6,6,5,1,6,5,6,5,6,6,"1,2,6",4,3,,,1,1,0.800000011920929,,1,,,,5,5,6,6,6,6,,,,4,4,3,4,5,5,influencer_meat_expert_oil,tfft,influencer,expert,1,4.6,5.6,,3.66666666666667,3.66666666666667,4.66666666666667,,4.66666666666667,35-54
R_6zPgqKx84UzXnKC,1,553,0,1,2,45-54,,1,3,1,3,7,3,4,5,5,4,3,4,4,3,4,5,1,4,3,1,2,,,0.800000011920929,,1,3,4,3,4,4,3,4,6,5,5,4,4,,,,,,,expert_meat_influencer_oil,tfft,expert,influencer,0,4.2,4,3.33333333333333,,3.33333333333333,,4.33333333333333,4.33333333333333,35-54
R_6pmezihyIvkkbtA,1,955,0,0,1,25-34,1,2,3,1,2,4,7,7,6,7,7,7,7,6,6,5,7,"3,4",4,3,,,1,1,1,,1,,,,5,5,3,7,5,6,,,,4,5,4,3,4,3,influencer_meat_expert_oil,tfft,influencer,expert,1,6.8,6.2,,4.33333333333333,4.33333333333333,3.33333333333333,,3.33333333333333,18-34
R_6EQYXZhbMbLeA67,1,710,0,2,1,45-54,2,2,2,1,1,4,4,4,4,4,4,4,4,4,4,4,4,"3,6",4,3,2,2,,,0.800000011920929,,1,4,4,5,4,4,4,4,4,4,4,4,4,,,,,,,expert_meat_influencer_oil,tfft,expert,influencer,0,4,4,4.33333333333333,,4.33333333333333,,4,4,35-54
R_311yDlHAZcq1Qe5,1,1006,0,1,1,45-54,1,1,5,1,3,5,6,6,6,5,2,6,6,6,6,6,5,"1,2,3,4,6",4,3,1,2,,,0.899999976158142,,1,7,7,7,7,7,7,7,7,7,7,7,7,,,,,,,expert_meat_influencer_oil,ftft,expert,influencer,0,5,5.8,7,,7,,7,7,35-54
R_6G31mV8fXb6owKI,1,777,0,0,2,25-34,2,2,3,1,1,6,7,6,7,7,5,7,4,5,4,5,7,"1,3,4",4,3,,,1,1,0.400000005960465,,1,,,,5,6,6,7,5,6,,,,7,6,7,6,6,7,influencer_meat_expert_oil,tfft,influencer,expert,0,6.4,5,,6.66666666666667,6.66666666666667,6.33333333333333,,6.33333333333333,18-34
R_5Ect4RC6alcekFR,1,697,0,0,2,55-64,2,2,3,1,3,2,5,7,7,5,1,6,6,7,6,5,6,"1,8",4,3,1,1,,,1,,1,5,6,6,3,4,3,6,6,6,4,6,6,,,,,,,expert_meat_influencer_oil,ftft,expert,influencer,1,5,6,5.66666666666667,,5.66666666666667,,5.33333333333333,5.33333333333333,55+
R_3n2QlP1jdeU2s8t,1,8,0,0,,,,,,,,,,,,,,,,,,,,,,,,,,,0.899999976158142,,0,,,,,,,,,,,,,,,,,,,,,,,0,,,,,,,,,55+
R_6yX5skRYvqf93CF,1,262,0,1,2,45-54,1,2,4,1,3,6,5,5,5,5,1,6,5,5,5,5,5,1,4,3,,,2,1,1,,1,,,,4,3,3,3,3,3,,,,5,5,5,6,6,6,influencer_meat_expert_oil,ftft,influencer,expert,1,4.2,5,,5,5,6,,6,35-54
R_5n8zMnz3zCbn7mC,1,319,0,0,2,55-64,1,2,2,1,1,4,6,6,6,2,4,7,5,7,5,5,6,"1,6",4,3,1,1,,,0.800000011920929,,1,7,7,7,6,5,6,7,7,7,4,4,4,,,,,,,expert_meat_influencer_oil,ftft,expert,influencer,1,4.8,5.6,7,,7,,4,4,55+
R_3Gn0yEeCzTeXKF3,1,311,0,1,2,55-64,1,2,1,1,1,4,4,4,5,5,4,4,3,4,2,4,5,3,4,3,,,1,6,0.899999976158142,,1,,,,4,1,1,5,5,5,,,,4,4,4,4,4,4,influencer_meat_expert_oil,ftft,influencer,expert,1,4.4,3.6,,4,4,4,,4,55+
R_5FIEmz6I2Cnk6Vk,1,238,0,0,2,45-54,1,2,4,1,3,6,6,6,6,6,3,7,6,4,5,6,6,"1,3,4",4,3,1,1,,,0.899999976158142,,1,2,2,2,4,5,5,6,6,6,4,4,4,,,,,,,expert_meat_influencer_oil,ftft,expert,influencer,1,5.4,5.4,2,,2,,4,4,35-54
R_780UoieX5UOuRZ7,1,329,0,0,2,55-64,1,2,4,1,3,5,6,6,6,5,2,5,5,3,5,6,4,"1,6",4,3,,,1,1,1,,1,,,,6,6,6,5,5,6,,,,3,3,4,5,5,6,influencer_meat_expert_oil,tfft,influencer,expert,1,5,4.6,,3.33333333333333,3.33333333333333,5.33333333333333,,5.33333333333333,55+
R_7XnRqoR44KMk4Oh,1,198,0,1,1,18-24,2,2,4,1,3,4,6,5,5,5,6,4,5,7,5,6,5,"3,4,5",4,3,1,2,,,0.899999976158142,,1,5,4,6,6,6,7,6,4,5,5,6,6,,,,,,,expert_meat_influencer_oil,tfft,expert,influencer,0,5.4,5.6,5,,5,,5.66666666666667,5.66666666666667,18-34
R_5sZMKsf0QBgywyY,1,813,0,1,1,35-44,2,2,2,1,3,6,6,6,6,6,7,6,7,6,6,6,6,8,2,3,,,1,1,1,,1,,,,7,6,7,7,6,7,,,,6,7,6,7,6,7,influencer_meat_expert_oil,tfft,influencer,expert,0,6.2,6.2,,6.33333333333333,6.33333333333333,6.66666666666667,,6.66666666666667,35-54
R_5Ffe4RX5T8bmwrf,1,330,0,0,1,55-64,1,2,3,1,1,4,4,5,6,6,2,7,5,5,2,4,5,1,4,3,1,1,,,0.800000011920929,,1,5,6,6,6,6,6,4,4,4,5,5,4,,,,,,,expert_meat_influencer_oil,tfft,expert,influencer,1,4.6,4.2,5.66666666666667,,5.66666666666667,,4.66666666666667,4.66666666666667,55+
R_6MMQmDNCD6UVtTJ,1,332,0,0,2,55-64,1,2,4,1,4,2,5,6,6,5,4,5,5,5,5,5,6,"1,5",4,3,,,1,1,1,,1,,,,6,5,6,6,5,6,,,,5,6,6,5,6,5,influencer_meat_expert_oil,tfft,influencer,expert,1,5.2,5.2,,5.66666666666667,5.66666666666667,5.33333333333333,,5.33333333333333,55+
R_6mNpEZ5CDyAB13X,1,433,0,1,2,35-44,1,2,4,1,3,7,3,3,1,5,4,5,6,6,2,7,6,"4,6",4,3,5,1,,,0.600000023841858,,1,1,1,1,2,2,2,2,2,2,1,1,1,,,,,,,expert_meat_influencer_oil,tfft,expert,influencer,0,3.2,5.4,1,,1,,1,1,35-54
R_1MSvKP3FtzxZKvY,1,351,0,0,2,55-64,1,2,3,1,4,6,5,4,6,4,4,5,5,6,5,5,6,6,4,3,1,1,,,1,,1,4,4,5,5,4,5,4,5,4,4,4,4,,,,,,,expert_meat_influencer_oil,ftft,expert,influencer,1,4.6,5.4,4.33333333333333,,4.33333333333333,,4,4,55+
R_6jWcs370HHyPRcE,1,386,0,0,1,55-64,1,2,3,1,3,4,6,6,7,4,2,6,6,6,4,6,6,"1,3",4,3,1,1,,,0.800000011920929,,1,6,6,6,4,6,4,6,6,6,6,6,6,,,,,,,expert_meat_influencer_oil,tfft,expert,influencer,1,5,5.6,6,,6,,6,6,55+
R_3c64jP8FOnBJXHj,1,425,0,0,1,45-54,1,2,3,1,1,4,6,6,6,6,1,6,6,6,6,6,6,"1,5",4,3,,,1,1,1,,1,,,,1,1,1,7,7,7,,,,7,7,2,7,7,7,influencer_meat_expert_oil,ftft,influencer,expert,1,5,6,,5.33333333333333,5.33333333333333,7,,7,35-54
R_1rue2YsUiZDoWxc,1,992,0,0,2,25-34,2,2,4,1,3,4,6,4,6,5,4,5,5,6,5,7,6,"1,3,4",4,3,,,1,1,0.899999976158142,,1,,,,7,7,6,5,5,6,,,,5,6,5,4,5,5,influencer_meat_expert_oil,tfft,influencer,expert,1,5,5.8,,5.33333333333333,5.33333333333333,4.66666666666667,,4.66666666666667,18-34
R_7Oqs9jDxNr9Te9C,1,409,0,0,1,55-64,1,2,3,1,3,1,6,6,7,4,1,5,5,5,2,4,4,1,4,3,1,1,,,0.200000002980232,,1,4,6,5,5,6,6,6,6,7,6,6,6,,,,,,,expert_meat_influencer_oil,ftft,expert,influencer,0,4.8,4,5,,5,,6,6,55+
R_6vQubYvEQS0fRwR,1,839,0,0,1,25-34,1,2,3,1,1,1,4,4,6,7,1,5,5,6,5,4,3,6,4,3,1,1,,,1,,1,2,1,1,6,6,4,6,4,5,3,4,5,,,,,,,expert_meat_influencer_oil,tfft,expert,influencer,1,4.4,4.6,1.33333333333333,,1.33333333333333,,4,4,18-34
R_6PXeEnMb6bzj4QS,1,992,0,1,2,55-64,1,2,2,1,3,4,5,5,6,5,4,7,6,5,5,5,5,6,4,3,,,1,2,1,,1,,,,6,6,6,7,7,7,,,,7,7,7,6,6,6,influencer_meat_expert_oil,ftft,influencer,expert,1,5,5.2,,7,7,6,,6,55+
R_1m8LpxOQBODTiUr,1,1459,0,1,1,55-64,1,2,4,1,2,6,6,6,7,6,2,6,6,6,6,6,6,1,4,5,,,1,1,0.800000011920929,,1,,,,6,6,6,7,7,7,,,,6,6,6,6,6,6,influencer_meat_expert_oil,ftft,influencer,expert,0,5.4,6,,6,6,6,,6,55+
R_70qjq4D7bh0XdaT,1,400,0,0,1,45-54,1,2,3,1,1,2,6,6,6,5,3,5,6,6,6,5,5,"1,6",4,3,1,1,,,1,,1,6,6,6,6,6,6,6,6,7,4,4,4,,,,,,,expert_meat_influencer_oil,ftft,expert,influencer,1,5.2,5.6,6,,6,,4,4,35-54
R_1QoQmvAzzKKHFFW,1,449,0,0,1,45-54,1,2,2,1,4,7,5,6,5,7,4,7,6,6,7,5,6,"4,6",4,3,1,1,,,0.800000011920929,,1,5,3,2,7,7,7,7,7,7,3,3,2,,,,,,,expert_meat_influencer_oil,tfft,expert,influencer,1,5.4,6,3.33333333333333,,3.33333333333333,,2.66666666666667,2.66666666666667,35-54
R_6pKpn0XMF8WJxYL,1,666,0,0,1,55-64,1,2,4,1,3,6,6,5,5,7,1,7,2,2,3,5,5,"1,3,8",4,3,,,1,1,1,,1,,,,4,4,4,4,3,4,,,,5,5,5,4,4,3,influencer_meat_expert_oil,tfft,influencer,expert,1,4.8,3.4,,5,5,3.66666666666667,,3.66666666666667,55+
R_7LdsrRzLdmQFpro,1,513,0,0,1,45-54,1,2,3,1,4,4,5,6,6,5,1,6,5,6,4,6,6,"1,2,5",4,3,1,1,,,1,,1,3,3,2,7,5,6,7,6,7,5,6,5,,,,,,,expert_meat_influencer_oil,ftft,expert,influencer,1,4.6,5.4,2.66666666666667,,2.66666666666667,,5.33333333333333,5.33333333333333,35-54
R_71Yloe0ii7uGtla,1,573,0,0,1,55-64,1,2,3,1,1,6,6,7,6,3,4,5,6,6,5,6,6,"5,8",4,3,1,1,,,1,,1,5,5,6,5,6,5,5,5,6,5,5,6,,,,,,,expert_meat_influencer_oil,ftft,expert,influencer,1,5.2,5.8,5.33333333333333,,5.33333333333333,,5.33333333333333,5.33333333333333,55+
R_3oC2uPTDNTihQag,1,788,0,0,2,55-64,1,2,2,1,3,7,6,6,6,5,2,5,5,6,6,6,3,"1,3,4,6",4,3,,,1,1,0.800000011920929,,1,,,,5,5,5,6,6,6,,,,3,3,2,3,3,2,influencer_meat_expert_oil,tfft,influencer,expert,1,5,5.2,,2.66666666666667,2.66666666666667,2.66666666666667,,2.66666666666667,55+
R_33CLpSdg3zHWIj7,1,1330,0,2,1,35-44,2,2,5,1,3,4,4,4,4,4,4,4,6,6,4,6,4,6,4,3,,,4,2,0,,1,,,,4,4,4,6,6,6,,,,6,6,6,4,5,4,influencer_meat_expert_oil,ftft,influencer,expert,0,4,5.2,,6,6,4.33333333333333,,4.33333333333333,35-54
R_3v1hhZEIqvyNIkR,1,334,0,0,2,18-24,1,2,2,1,1,4,5,5,6,5,2,6,5,5,5,4,4,1,4,3,,,1,1,0.600000023841858,,1,,,,5,5,5,7,7,7,,,,4,4,4,6,6,6,influencer_meat_expert_oil,tfft,influencer,expert,1,4.6,4.6,,4,4,6,,6,18-34
R_3BfzVqTiFuWWutn,1,207,0,3,2,35-44,1,2,2,1,2,4,4,4,4,4,4,4,4,4,4,4,4,8,4,4,5,5,,,0.800000011920929,,1,1,1,1,1,1,1,1,1,1,1,1,1,,,,,,,expert_meat_influencer_oil,ftft,expert,influencer,0,4,4,1,,1,,1,1,35-54
R_6n9VjhUF0A1b7Il,1,254,0,1,1,Under18,1,2,2,1,1,7,7,5,4,7,6,6,6,7,6,5,6,"1,3,4",4,3,,,1,2,1,,1,,,,7,6,7,7,6,6,,,,6,7,6,7,6,7,influencer_meat_expert_oil,ftft,influencer,expert,1,5.8,6,,6.33333333333333,6.33333333333333,6.66666666666667,,6.66666666666667,55+
R_79NBa7Toj69U0nL,1,215,0,0,1,18-24,1,2,2,1,2,6,4,4,6,5,4,5,6,5,6,4,5,"3,4",4,3,1,1,,,1,,1,4,3,4,4,6,5,6,7,7,5,4,5,,,,,,,expert_meat_influencer_oil,tfft,expert,influencer,1,4.6,5.2,3.66666666666667,,3.66666666666667,,4.66666666666667,4.66666666666667,18-34
R_7ls0RFP9RMywBF7,1,339,0,0,2,45-54,1,2,2,1,3,6,4,5,5,5,4,5,5,5,5,4,5,"1,3,6",4,3,,,1,1,0.800000011920929,,1,,,,3,3,3,6,5,6,,,,4,3,3,3,5,4,influencer_meat_expert_oil,tfft,influencer,expert,1,4.6,4.8,,3.33333333333333,3.33333333333333,4,,4,35-54
R_64o1WxZNCMSe9ep,1,943,0,2,2,45-54,1,2,4,1,3,4,1,1,1,1,1,4,4,1,1,1,1,6,4,3,,,4,3,0.800000011920929,,1,,,,1,1,1,1,1,1,,,,1,1,1,1,1,1,influencer_meat_expert_oil,tfft,influencer,expert,1,1,1.6,,1,1,1,,1,35-54
R_5dt2C6LJXApYhCC,1,410,0,0,1,18-24,1,2,1,1,2,4,5,5,5,5,2,5,6,6,2,4,6,1,4,3,,,1,1,0.800000011920929,,1,,,,4,5,6,5,4,6,,,,5,4,2,5,4,5,influencer_meat_expert_oil,ftft,influencer,expert,1,4.4,4.8,,3.66666666666667,3.66666666666667,4.66666666666667,,4.66666666666667,18-34
R_7OodjkCoDEZYUGo,1,1913,0,1,1,Under18,2,2,5,1,3,2,7,7,7,7,7,7,7,7,7,7,7,"1,2,3,4,6,5",4,3,1,2,,,0.300000011920929,,1,7,7,7,7,7,7,7,7,7,7,7,7,,,,,,,expert_meat_influencer_oil,tfft,expert,influencer,0,7,7,7,,7,,7,7,55+
R_6xWuAVc3eKkiJb2,1,678,0,0,2,18-24,1,2,4,1,2,2,6,7,5,5,5,7,7,7,5,6,6,"1,3,4",4,3,,,1,1,0.600000023841858,,1,,,,6,6,7,6,6,7,,,,6,6,7,6,7,6,influencer_meat_expert_oil,tfft,influencer,expert,1,5.6,6.2,,6.33333333333333,6.33333333333333,6.33333333333333,,6.33333333333333,18-34
R_7f3yQ2WbVTZezSS,1,407,0,0,1,45-54,1,2,4,1,1,6,5,6,6,4,1,5,6,5,3,4,5,"1,6",4,3,1,1,,,1,,1,5,5,5,6,5,6,6,6,6,6,6,6,,,,,,,expert_meat_influencer_oil,ftft,expert,influencer,1,4.4,4.6,5,,5,,6,6,35-54
R_3ZZQUx9xTwYw0HD,1,535,0,0,1,45-54,1,2,2,1,4,7,3,4,5,1,3,7,5,7,3,5,7,8,4,3,1,1,,,0.899999976158142,,1,2,5,1,5,6,6,7,7,7,2,5,1,,,,,,,expert_meat_influencer_oil,tfft,expert,influencer,1,3.2,5.4,2.66666666666667,,2.66666666666667,,2.66666666666667,2.66666666666667,35-54
R_7gLXwwdtAzfmSTW,1,538,0,0,2,18-24,1,2,2,1,4,4,6,6,6,5,5,6,6,6,6,5,6,"1,4",4,3,1,1,,,1,,1,3,5,5,7,7,5,7,5,4,6,7,6,,,,,,,expert_meat_influencer_oil,tfft,expert,influencer,1,5.6,5.8,4.33333333333333,,4.33333333333333,,6.33333333333333,6.33333333333333,18-34
R_1XcyZYzQPVrBQAA,1,394,0,2,1,25-34,1,2,5,1,4,4,6,7,5,7,6,7,7,7,7,7,7,"2,3,4",4,3,,,2,2,0.899999976158142,,1,,,,7,6,7,7,6,6,,,,7,7,7,7,6,6,influencer_meat_expert_oil,tfft,influencer,expert,1,6.2,7,,7,7,6.33333333333333,,6.33333333333333,18-34
R_6q8070b7RDtvaWq,1,2347,0,2,1,25-34,1,2,5,1,2,6,6,6,6,5,6,6,6,6,6,6,6,"3,4,6",4,3,4,4,,,0.800000011920929,,1,3,3,3,5,6,5,1,4,6,3,5,4,,,,,,,expert_meat_influencer_oil,ftft,expert,influencer,0,5.8,6,3,,3,,4,4,18-34
R_51GZPYeN7hfbhQU,1,602,0,2,2,25-34,1,1,4,1,1,4,5,5,5,6,6,5,5,6,6,6,5,3,4,3,4,4,,,1,,1,5,6,6,6,6,6,6,6,5,5,5,6,,,,,,,expert_meat_influencer_oil,ftft,expert,influencer,0,5.4,5.6,5.66666666666667,,5.66666666666667,,5.33333333333333,5.33333333333333,18-34
R_7b1OzjJSKiNwcp3,1,231,0,3,1,18-24,1,2,4,1,4,4,5,5,5,4,6,6,6,5,6,5,5,4,4,6,4,2,,,1,,1,7,6,6,7,7,6,6,6,6,6,6,7,,,,,,,expert_meat_influencer_oil,tfft,expert,influencer,0,5,5.4,6.33333333333333,,6.33333333333333,,6.33333333333333,6.33333333333333,18-34
R_5wnbhOkzF7xaVl1,1,2321,0,0,2,18-24,2,2,4,1,3,4,6,6,3,5,1,6,5,6,5,6,4,"1,3",4,3,,,1,1,1,,1,,,,1,1,1,4,4,4,,,,4,5,4,6,5,5,influencer_meat_expert_oil,ftft,influencer,expert,1,4.2,5.2,,4.33333333333333,4.33333333333333,5.33333333333333,,5.33333333333333,18-34
R_3LfSZXMOhPfhIYh,1,341,0,0,2,18-24,,2,2,1,2,6,7,7,7,3,4,7,6,7,4,4,5,"1,2,3",4,3,,,1,1,0.800000011920929,,1,,,,5,5,7,7,7,7,,,,3,2,2,4,4,4,influencer_meat_expert_oil,ftft,influencer,expert,1,5.6,5.2,,2.33333333333333,2.33333333333333,4,,4,18-34
R_1nPvvAGAoIX2MrD,1,2649,0,0,2,18-24,1,1,4,1,4,2,6,5,7,6,6,7,6,6,6,4,6,1,4,3,,,1,1,0.5,,1,,,,7,6,5,6,6,5,,,,6,7,7,6,6,7,influencer_meat_expert_oil,ftft,influencer,expert,1,6,5.6,,6.66666666666667,6.66666666666667,6.33333333333333,,6.33333333333333,18-34
R_6S83Bztl3OZWuxr,1,828,0,0,1,45-54,1,2,4,1,2,2,5,5,7,5,4,5,7,7,5,5,4,"1,2,3,4,6,5",4,3,1,1,,,1,,1,4,4,4,5,4,5,4,4,4,3,4,3,,,,,,,expert_meat_influencer_oil,ftft,expert,influencer,1,5.2,5.6,4,,4,,3.33333333333333,3.33333333333333,35-54
R_6EaW0iXDgalh3s9,1,3163,0,0,1,45-54,1,2,4,1,3,3,6,6,7,2,5,2,6,6,5,6,6,"1,6",4,3,,,1,1,0.699999988079071,,1,,,,7,7,7,6,6,6,,,,7,7,7,6,4,4,influencer_meat_expert_oil,ftft,influencer,expert,1,5.2,5.8,,7,7,4.66666666666667,,4.66666666666667,35-54
R_59g388jdOODoRfM,1,298,0,3,2,18-24,1,1,2,1,4,4,4,4,4,4,4,4,4,4,4,4,4,1,4,4,,,5,6,0.800000011920929,,1,,,,4,4,4,4,4,4,,,,4,4,4,4,4,4,influencer_meat_expert_oil,tfft,influencer,expert,0,4,4,,4,4,4,,4,18-34
R_6GDF4WNT3tH7pnx,1,582,0,0,2,35-44,1,1,4,1,2,1,6,6,7,6,6,6,7,7,7,7,7,"2,3,4",4,3,1,1,,,0.899999976158142,,1,5,5,4,5,6,6,7,7,7,5,4,4,,,,,,,expert_meat_influencer_oil,tfft,expert,influencer,1,6.2,7,4.66666666666667,,4.66666666666667,,4.33333333333333,4.33333333333333,35-54
R_7kFI3nrTU2k9AGP,1,281,0,3,2,35-44,1,1,1,1,4,4,7,7,7,7,7,7,7,6,7,7,6,"3,4",4,4,4,2,,,0.800000011920929,,1,7,7,7,7,7,7,7,7,7,7,7,7,,,,,,,expert_meat_influencer_oil,ftft,expert,influencer,0,7,6.6,7,,7,,7,7,35-54
R_36Poq84hL0Ko1ln,1,851,0,0,2,45-54,1,1,2,1,2,4,5,6,7,5,4,5,5,5,3,5,4,"1,3",4,3,1,1,,,0.800000011920929,,1,6,6,6,6,7,6,7,7,7,6,6,6,,,,,,,expert_meat_influencer_oil,ftft,expert,influencer,1,5.4,4.4,6,,6,,6,6,35-54
R_1D0Ahi8he0hvVeO,1,205,0,2,1,18-24,4,1,2,1,4,2,6,5,4,5,5,5,4,5,4,5,6,3,4,3,4,3,,,0.899999976158142,,1,7,4,7,7,4,7,7,4,5,7,4,7,,,,,,,expert_meat_influencer_oil,tfft,expert,influencer,0,5,4.8,6,,6,,6,6,18-34
R_7ltpp9ODJAUMkI0,1,18,0,0,4,18-24,3,,,,,,,,,,,,,,,,,,,,,,,,0.899999976158142,,0,,,,,,,,,,,,,,,,,,,,,,,0,,,,,,,,,18-34
R_3F0oDKDRiWcSrm1,1,517,0,0,1,55-64,4,2,4,1,2,3,6,6,7,3,3,5,6,6,6,6,6,"1,2,4",4,3,,,1,1,0.899999976158142,,1,,,,5,5,5,5,5,5,,,,5,5,5,1,2,3,influencer_meat_expert_oil,ftft,influencer,expert,1,5,6,,5,5,2,,2,55+
R_72JI9gifsMQferK,1,432,0,0,2,Under18,1,1,3,1,1,4,6,5,7,5,1,6,5,5,4,6,5,"3,6",4,3,1,1,,,0.800000011920929,,1,2,4,2,5,5,6,7,7,7,3,4,3,,,,,,,expert_meat_influencer_oil,ftft,expert,influencer,1,4.8,5,2.66666666666667,,2.66666666666667,,3.33333333333333,3.33333333333333,55+
R_163g3WrX39aLKfO,1,249,0,2,2,Under18,5,1,2,1,4,2,4,4,4,3,7,4,7,6,6,4,4,2,4,2,,,1,2,1,,1,,,,1,1,4,4,6,6,,,,5,6,4,4,4,5,influencer_meat_expert_oil,ftft,influencer,expert,0,4.4,5.4,,5,5,4.33333333333333,,4.33333333333333,55+
R_50osBZVVuBKFXLa,1,201,0,1,1,45-54,1,2,4,1,2,2,6,5,6,4,4,6,5,6,6,6,6,1,4,3,,,1,6,1,,1,,,,5,5,5,6,6,6,,,,5,5,5,4,4,4,influencer_meat_expert_oil,tfft,influencer,expert,1,5,5.8,,5,5,4,,4,35-54
R_5HuYstihxVipp5G,1,228,0,0,2,55-64,1,2,4,1,1,1,7,7,7,5,1,4,5,6,5,5,5,1,4,3,,,1,1,1,,1,,,,4,4,5,6,5,5,,,,6,6,5,6,6,6,influencer_meat_expert_oil,ftft,influencer,expert,1,5.4,5.2,,5.66666666666667,5.66666666666667,6,,6,55+
R_6cgCRRTMbxaugx3,1,422,0,0,2,25-34,1,2,4,1,2,2,6,6,6,3,3,4,5,5,4,6,5,"1,3,6,5",4,3,1,1,,,1,,1,5,5,6,7,6,7,4,4,4,4,3,3,,,,,,,expert_meat_influencer_oil,tfft,expert,influencer,1,4.8,5,5.33333333333333,,5.33333333333333,,3.33333333333333,3.33333333333333,18-34
R_3axgWCdDYdq5mve,1,31,0,0,,,,,,,,,,,,,,,,,,,,,,,,,,,1,,0,,,,,,,,,,,,,,,,,,,,,,,0,,,,,,,,,55+
R_7FtZsvBsVZ3mrYI,1,411,0,0,2,55-64,1,2,5,1,3,2,7,7,7,6,1,5,7,7,5,7,7,"1,6",4,3,,,1,1,0.800000011920929,,1,,,,7,7,7,7,7,7,,,,7,7,7,7,7,7,influencer_meat_expert_oil,tfft,influencer,expert,1,5.6,6.6,,7,7,7,,7,55+
R_1xpWVwe2Mnz781r,1,456,0,0,1,18-24,2,2,4,1,2,1,7,7,7,7,7,7,7,7,7,7,7,"3,4,5",4,3,1,1,,,1,,1,7,7,7,7,7,7,7,7,7,7,7,7,,,,,,,expert_meat_influencer_oil,tfft,expert,influencer,1,7,7,7,,7,,7,7,18-34
R_5RjDrKFmlGHFYI6,1,205,0,2,1,18-24,1,2,2,1,3,7,7,7,7,7,7,7,7,7,7,7,7,4,4,3,4,3,,,0.699999988079071,,1,7,7,7,7,7,7,7,7,7,7,7,7,,,,,,,expert_meat_influencer_oil,ftft,expert,influencer,0,7,7,7,,7,,7,7,18-34
R_3AUNBPHc9sEq0h3,1,211,0,0,1,45-54,1,2,4,1,3,2,6,7,7,3,1,2,5,5,2,6,5,1,4,3,,,1,1,1,,1,,,,2,2,2,6,4,6,,,,4,4,4,7,7,7,influencer_meat_expert_oil,ftft,influencer,expert,1,4.8,4.6,,4,4,7,,7,35-54
R_52CSlp76pvusog3,1,197,0,0,2,18-24,2,2,4,1,3,4,4,3,4,4,4,5,5,4,4,3,3,"1,3,6",4,3,1,1,,,0.699999988079071,,1,5,5,6,5,4,4,1,1,1,5,6,6,,,,,,,expert_meat_influencer_oil,ftft,expert,influencer,1,3.8,3.8,5.33333333333333,,5.33333333333333,,5.66666666666667,5.66666666666667,18-34
R_5QVBroSdZ0h85bQ,1,236,0,1,2,45-54,1,2,2,1,1,4,4,4,4,4,4,4,4,4,4,4,4,"3,4",4,4,,,1,1,0.800000011920929,,1,,,,4,4,4,4,4,4,,,,4,4,4,4,4,4,influencer_meat_expert_oil,tfft,influencer,expert,0,4,4,,4,4,4,,4,35-54
R_30pKiGY5VEVWuEA,1,212,0,0,2,18-24,,,,,,,,,,,,,,,,,,,,,,,,,1,,0,,,,,,,,,,,,,,,,,,,,,,,0,,,,,,,,,18-34
R_31Fu9ZPfd7bzF0Z,1,277,0,0,2,45-54,1,2,2,1,1,7,6,6,7,4,7,7,7,6,6,7,7,"1,3",4,3,,,1,1,0.800000011920929,,1,,,,4,2,2,5,4,5,,,,1,1,1,4,4,4,influencer_meat_expert_oil,ftft,influencer,expert,1,6,6.6,,1,1,4,,4,35-54
R_5qyhr2KBqybq0qq,1,265,0,0,1,Under18,2,2,2,1,3,4,7,6,5,6,6,5,5,6,5,5,6,"2,4,6",4,3,1,1,,,1,,1,4,6,5,6,7,6,6,6,4,5,6,5,,,,,,,expert_meat_influencer_oil,ftft,expert,influencer,1,6,5.4,5,,5,,5.33333333333333,5.33333333333333,55+
R_6uxs9YPXBEqIUhN,1,441,0,2,1,18-24,2,2,2,1,3,7,4,5,6,3,2,5,7,6,3,7,5,1,4,3,2,2,,,1,,1,5,3,2,6,5,3,3,2,1,3,2,2,,,,,,,expert_meat_influencer_oil,tfft,expert,influencer,0,4,5.6,3.33333333333333,,3.33333333333333,,2.33333333333333,2.33333333333333,18-34
R_65Y3byXQ7zfFCJ4,1,330,0,0,2,18-24,,2,2,1,1,6,6,5,5,4,4,6,5,4,4,4,5,"1,6",4,3,,,1,1,0.899999976158142,,1,,,,6,7,6,7,7,7,,,,4,3,2,4,4,4,influencer_meat_expert_oil,tfft,influencer,expert,1,4.8,4.4,,3,3,4,,4,18-34
R_5Hk6KPjMjGAZAUL,1,417,0,0,1,45-54,1,2,3,1,4,4,7,6,6,6,5,5,6,7,6,6,6,"1,3,4,6,5",4,3,1,1,,,0.899999976158142,,1,6,6,5,6,6,6,6,5,5,5,6,6,,,,,,,expert_meat_influencer_oil,tfft,expert,influencer,1,6,6.2,5.66666666666667,,5.66666666666667,,5.66666666666667,5.66666666666667,35-54
R_3KPjuSV0qSJE2Qe,1,456,0,1,1,Under18,1,2,2,1,2,4,1,7,3,5,7,6,7,6,7,6,5,"3,4",4,3,,,1,3,1,,1,,,,6,4,4,5,4,6,,,,6,7,6,4,6,5,influencer_meat_expert_oil,ftft,influencer,expert,1,4.6,6.2,,6.33333333333333,6.33333333333333,5,,5,55+
R_5AabjM9PzMgGtpv,1,333,0,0,1,45-54,1,2,2,1,4,1,5,5,5,4,3,6,5,5,2,5,5,6,4,3,,,1,1,1,,1,,,,5,5,6,6,6,7,,,,4,5,4,5,6,5,influencer_meat_expert_oil,ftft,influencer,expert,1,4.4,4.4,,4.33333333333333,4.33333333333333,5.33333333333333,,5.33333333333333,35-54
R_7InTTzhiyPWVhT3,1,564,0,0,2,18-24,1,2,1,1,1,4,7,4,7,4,1,4,1,7,1,1,1,1,4,3,1,1,,,0.899999976158142,,1,7,7,7,7,7,7,7,7,7,7,7,7,,,,,,,expert_meat_influencer_oil,tfft,expert,influencer,1,4.6,2.2,7,,7,,7,7,18-34
R_6y2htCMQ8mxCeeF,1,284,0,0,1,Under18,1,2,4,1,2,6,6,6,5,5,1,6,3,5,2,5,6,"1,3",4,3,,,1,1,1,,1,,,,7,4,7,7,4,7,,,,1,1,1,2,4,1,influencer_meat_expert_oil,tfft,influencer,expert,1,4.6,4.2,,1,1,2.33333333333333,,2.33333333333333,55+
R_3lYOvKnbpZvWwRt,1,370,0,1,1,25-34,2,2,4,1,1,4,6,6,6,4,5,6,6,6,6,6,6,"1,2,3,4,6,5",4,3,3,1,,,1,,1,6,6,6,5,4,5,6,5,5,6,4,5,,,,,,,expert_meat_influencer_oil,ftft,expert,influencer,0,5.4,6,6,,6,,5,5,18-34
R_7r7E25s7zoEUBxG,1,414,0,2,1,18-24,1,2,4,1,4,1,7,7,7,7,7,7,7,7,7,7,7,"1,4,6",4,3,2,4,,,0.800000011920929,,1,7,7,7,7,7,7,7,7,7,7,7,7,,,,,,,expert_meat_influencer_oil,tfft,expert,influencer,0,7,7,7,,7,,7,7,18-34
R_7CEzrpoEfM0qZ0X,1,364,0,0,2,18-24,,2,2,1,2,5,3,3,4,4,4,4,4,4,4,4,3,"2,3",4,3,1,1,,,0.800000011920929,,1,1,3,3,4,3,3,2,2,3,3,4,4,,,,,,,expert_meat_influencer_oil,ftft,expert,influencer,1,3.6,3.8,2.33333333333333,,2.33333333333333,,3.66666666666667,3.66666666666667,18-34
R_6gZtZurZUg1Xgy4,1,331,0,1,1,Under18,4,2,2,1,4,4,6,7,6,6,6,7,6,7,7,6,6,2,4,3,4,1,,,1,,1,6,6,7,7,6,7,7,6,7,7,6,7,,,,,,,expert_meat_influencer_oil,tfft,expert,influencer,0,6.2,6.4,6.33333333333333,,6.33333333333333,,6.66666666666667,6.66666666666667,55+
R_3wgZBtjaCeNVJGu,1,484,0,1,1,18-24,1,2,5,1,2,1,7,6,7,7,6,7,7,7,7,7,7,6,4,3,,,1,2,0.800000011920929,,1,,,,7,7,6,6,7,7,,,,6,6,6,6,6,6,influencer_meat_expert_oil,ftft,influencer,expert,1,6.6,7,,6,6,6,,6,18-34
R_6NUlPYNm9vxU3fP,1,419,0,1,1,18-24,1,2,3,1,3,2,7,7,7,3,3,7,7,7,5,6,6,1,4,3,,,1,2,0.899999976158142,,1,,,,6,5,7,5,5,4,,,,7,6,7,5,6,7,influencer_meat_expert_oil,tfft,influencer,expert,1,5.4,6.2,,6.66666666666667,6.66666666666667,6,,6,18-34
R_6PegeKy3bHhX3bn,1,178,0,0,1,Under18,1,2,2,1,3,1,3,7,7,2,1,7,2,4,4,7,7,3,4,3,1,1,,,0.899999976158142,,1,5,7,4,1,1,1,7,7,7,4,3,4,,,,,,,expert_meat_influencer_oil,ftft,expert,influencer,1,4,4.8,5.33333333333333,,5.33333333333333,,3.66666666666667,3.66666666666667,55+
R_6D0EAfAFqVoDt5r,1,444,0,0,1,18-24,1,2,5,,,,,,,,,,,,,,,,,,,,,,0.800000011920929,,0,,,,,,,,,,,,,,,,,,,,,,,0,,,,,,,,,18-34
R_5vyhKatHHB2A7MR,1,659,0,0,2,18-24,2,2,2,1,2,4,7,7,7,5,3,7,5,5,6,6,6,6,4,3,,,1,1,1,,1,,,,7,7,7,7,7,7,,,,6,7,7,6,7,7,influencer_meat_expert_oil,ftft,influencer,expert,1,5.8,5.6,,6.66666666666667,6.66666666666667,6.66666666666667,,6.66666666666667,18-34
R_5WP2X0vvZWr6ehX,1,1021,0,0,2,18-24,2,,,,,,,,,,,,,,,,,,,,,,,,0.800000011920929,,0,,,,,,,,,,,,,,,,,,,,,,,0,,,,,,,,,18-34
R_5Qy1zPXFUxEIVWx,1,28,0,0,2,Under18,2,,,,,,,,,,,,,,,,,,,,,,,,0.899999976158142,,0,,,,,,,,,,,,,,,,,,,,,,,0,,,,,,,,,55+
R_6fjI0tOV9Gt4hfG,1,1544,0,0,2,55-64,1,2,2,1,3,6,5,6,6,6,3,6,7,7,7,7,6,"1,6,5",4,3,1,1,,,1,,1,5,7,6,7,6,7,6,6,7,5,3,5,,,,,,,expert_meat_influencer_oil,tfft,expert,influencer,1,5.2,6.8,6,,6,,4.33333333333333,4.33333333333333,55+
R_3g2cgdjKghiAwBX,1,98,0,0,2,Under18,1,2,5,,,,,,,,,,,,,,,,,,,,,,0.800000011920929,,0,,,,,,,,,,,,,,,,,,,,,,,0,,,,,,,,,55+
R_5AMZ81tGCGCDbJ0,1,1523,0,1,1,18-24,4,2,4,1,2,4,5,4,5,4,3,7,5,4,5,5,4,"2,3,4,6",4,3,,,4,1,1,,1,,,,5,5,6,5,6,5,,,,4,5,5,4,4,5,influencer_meat_expert_oil,tfft,influencer,expert,1,4.2,4.6,,4.66666666666667,4.66666666666667,4.33333333333333,,4.33333333333333,18-34
R_5KSJaeRm61Mkhj5,1,53,0,0,2,Under18,2,,,,,,,,,,,,,,,,,,,,,,,,0.5,,0,,,,,,,,,,,,,,,,,,,,,,,0,,,,,,,,,55+
R_5ey8FTfbQs2aF8m,1,173,0,0,2,Under18,1,2,4,1,2,2,6,5,7,2,2,5,4,5,4,5,5,1,4,3,1,1,,,1,,1,4,3,3,6,6,6,4,5,4,4,5,4,,,,,,,expert_meat_influencer_oil,ftft,expert,influencer,1,4.4,4.6,3.33333333333333,,3.33333333333333,,4.33333333333333,4.33333333333333,55+
R_7xDfbusCfE0un3E,1,268,0,0,2,Under18,1,2,2,1,2,4,4,4,4,4,4,4,4,3,6,5,5,4,4,3,,,1,1,1,,1,,,,4,5,4,6,6,4,,,,5,4,5,4,4,4,influencer_meat_expert_oil,ftft,influencer,expert,1,4,4.6,,4.66666666666667,4.66666666666667,4,,4,55+
R_72QlenBLRFxovpx,1,16,0,0,2,Under18,2,,,,,,,,,,,,,,,,,,,,,,,,0.800000011920929,,0,,,,,,,,,,,,,,,,,,,,,,,0,,,,,,,,,55+
R_5CQt044jH5wgK2Z,1,5321,0,0,1,45-54,1,1,5,,,,,,,,,,,,,,,,,,,,,,1,,0,,,,,,,,,,,,,,,,,,,,,,,0,,,,,,,,,35-54
R_5QMq0pkaxBsynKB,1,10,0,0,2,Under18,2,,,,,,,,,,,,,,,,,,,,,,,,1,,0,,,,,,,,,,,,,,,,,,,,,,,0,,,,,,,,,55+
R_5vUTXgrpLXPVb4B,1,444,0,0,1,Under18,1,2,2,1,2,4,4,6,7,7,1,1,4,5,5,5,5,1,4,3,,,1,1,1,,1,,,,2,1,4,6,4,6,,,,1,1,1,4,1,1,influencer_meat_expert_oil,tfft,influencer,expert,1,5,4.8,,1,1,2,,2,55+
R_6l3jHJ60exnFT0m,1,35,0,0,2,Under18,2,,,,,,,,,,,,,,,,,,,,,,,,1,,0,,,,,,,,,,,,,,,,,,,,,,,0,,,,,,,,,55+
R_5V7JssqYSKyuVAD,1,36,0,0,1,Under18,2,,,,,,,,,,,,,,,,,,,,,,,,0.300000011920929,,0,,,,,,,,,,,,,,,,,,,,,,,0,,,,,,,,,55+
R_5n3Gwzhd9ym5C5B,1,16,0,0,2,18-24,2,,,,,,,,,,,,,,,,,,,,,,,,1,,0,,,,,,,,,,,,,,,,,,,,,,,0,,,,,,,,,18-34
R_7k536VGhWTrcdna,1,16602,0,0,2,45-54,1,2,4,1,4,6,4,4,4,4,2,6,5,4,5,4,4,"1,3",4,3,1,1,,,1,,1,4,4,4,6,4,5,5,6,5,4,5,5,,,,,,,expert_meat_influencer_oil,ftft,expert,influencer,1,3.6,4.4,4,,4,,4.66666666666667,4.66666666666667,35-54
R_7wvIOcE1mOOTSeK,1,106,0,0,2,Under18,,,,,,,,,,,,,,,,,,,,,,,,,1,,0,,,,,,,,,,,,,,,,,,,,,,,0,,,,,,,,,55+
R_3E52pEazKB7lvbY,1,6,0,0,,,,,,,,,,,,,,,,,,,,,,,,,,,0.800000011920929,,0,,,,,,,,,,,,,,,,,,,,,,,0,,,,,,,,,55+
R_7sKYSV8FUgZb7ah,1,15,0,0,1,18-24,2,,,,,,,,,,,,,,,,,,,,,,,,0.800000011920929,,0,,,,,,,,,,,,,,,,,,,,,,,0,,,,,,,,,18-34
R_62JdeooBeIa2vOb,1,54,0,0,2,55-64,1,2,5,,,,,,,,,,,,,,,,,,,,,,1,,0,,,,,,,,,,,,,,,,,,,,,,,0,,,,,,,,,55+
R_5qJsyjxhsOfBYnh,1,207,0,1,1,55-64,1,2,2,1,1,4,4,4,4,4,4,4,4,4,4,4,4,"3,4",4,3,1,3,,,1,,1,4,4,4,4,4,4,5,4,5,4,4,5,,,,,,,expert_meat_influencer_oil,tfft,expert,influencer,0,4,4,4,,4,,4.33333333333333,4.33333333333333,55+
R_1Jy1KczmWpQe8ko,1,251,0,0,1,55-64,1,2,4,1,4,4,6,7,7,7,1,7,6,6,5,6,7,"1,3",4,3,1,1,,,1,,1,6,6,6,2,2,2,5,5,5,1,1,1,,,,,,,expert_meat_influencer_oil,ftft,expert,influencer,1,5.6,6,6,,6,,1,1,55+
R_3P28jn094VHBWrT,1,14,0,0,1,18-24,2,,,,,,,,,,,,,,,,,,,,,,,,0.899999976158142,,0,,,,,,,,,,,,,,,,,,,,,,,0,,,,,,,,,18-34
R_51WqEZtm42L3LQy,1,23,0,0,1,55-64,1,2,5,,,,,,,,,,,,,,,,,,,,,,1,,0,,,,,,,,,,,,,,,,,,,,,,,0,,,,,,,,,55+
R_3L7tIXlxhl9yDWW,1,23,0,0,1,45-54,2,,,,,,,,,,,,,,,,,,,,,,,,0.899999976158142,,0,,,,,,,,,,,,,,,,,,,,,,,0,,,,,,,,,35-54
R_52F3JHkLOlytLxU,1,1101,0,0,2,55-64,1,2,1,1,1,7,7,7,7,7,1,7,7,7,4,5,7,1,4,3,,,1,1,1,,1,,,,6,7,7,7,7,7,,,,5,7,6,5,7,7,influencer_meat_expert_oil,ftft,influencer,expert,1,5.8,6,,6,6,6.33333333333333,,6.33333333333333,55+
R_1JR6OHPUl4uMZiX,1,332,0,1,2,55-64,1,2,2,1,4,4,6,6,6,6,2,6,5,6,4,5,6,3,4,3,,,2,1,1,,1,,,,5,5,5,4,4,4,,,,5,5,5,4,4,4,influencer_meat_expert_oil,tfft,influencer,expert,1,5.2,5.2,,5,5,4,,4,55+
R_723vXpVkEnyKSJd,1,14,0,0,1,18-24,3,,,,,,,,,,,,,,,,,,,,,,,,0.800000011920929,,0,,,,,,,,,,,,,,,,,,,,,,,0,,,,,,,,,18-34
R_6ciJpbpaK9o9Wxk,1,31,0,0,2,45-54,1,2,5,,,,,,,,,,,,,,,,,,,,,,0.800000011920929,,0,,,,,,,,,,,,,,,,,,,,,,,0,,,,,,,,,35-54
R_5yl7dikagV6KmNF,1,382,0,0,1,55-64,1,2,6,1,3,4,6,6,6,5,2,4,6,5,4,6,6,"1,5",4,3,1,1,,,1,,1,3,4,3,6,4,6,6,4,6,6,4,6,,,,,,,expert_meat_influencer_oil,tfft,expert,influencer,1,5,5.4,3.33333333333333,,3.33333333333333,,5.33333333333333,5.33333333333333,55+
R_1EQiimVMKzxbcIk,1,340,0,0,2,55-64,1,2,2,1,2,5,5,6,6,5,4,5,6,5,6,6,5,"1,2",4,3,1,1,,,0.5,,1,6,6,6,6,6,6,6,6,6,6,6,6,,,,,,,expert_meat_influencer_oil,tfft,expert,influencer,1,5.2,5.6,6,,6,,6,6,55+
R_1o2jUd1uJ6IPqHn,1,34,0,0,2,35-44,2,,,,,,,,,,,,,,,,,,,,,,,,1,,0,,,,,,,,,,,,,,,,,,,,,,,0,,,,,,,,,35-54
R_30Mclad7blNWZco,1,447,0,1,2,45-54,1,2,1,1,3,4,4,3,3,3,3,4,3,4,3,3,3,4,4,4,1,1,,,0.699999988079071,,1,4,3,4,3,4,2,4,4,4,4,3,3,,,,,,,expert_meat_influencer_oil,ftft,expert,influencer,0,3.2,3.2,3.66666666666667,,3.66666666666667,,3.33333333333333,3.33333333333333,35-54
R_6y9ifyuJcCRKinn,1,41,0,0,2,45-54,3,,,,,,,,,,,,,,,,,,,,,,,,0.899999976158142,,0,,,,,,,,,,,,,,,,,,,,,,,0,,,,,,,,,35-54
R_7mjZmIwASjeBxIz,1,596,0,0,2,55-64,1,2,2,1,3,6,5,3,5,3,3,5,5,6,5,3,5,"1,2,6",4,3,,,1,1,0.899999976158142,,1,,,,5,5,5,6,6,6,,,,5,5,5,4,4,4,influencer_meat_expert_oil,ftft,influencer,expert,1,3.8,4.8,,5,5,4,,4,55+
R_7f2EKhaqF5YS2IN,1,208,0,0,1,Under18,3,,,,,,,,,,,,,,,,,,,,,,,,0.899999976158142,,0,,,,,,,,,,,,,,,,,,,,,,,0,,,,,,,,,55+
R_3zhENYUtJBNISaY,1,100,0,0,2,45-54,2,,,,,,,,,,,,,,,,,,,,,,,,1,,0,,,,,,,,,,,,,,,,,,,,,,,0,,,,,,,,,35-54
R_5tKnrPEXxxnfT8C,1,9,0,0,2,18-24,2,,,,,,,,,,,,,,,,,,,,,,,,0.800000011920929,,0,,,,,,,,,,,,,,,,,,,,,,,0,,,,,,,,,18-34
R_37Hz02Zj45bNmCM,1,332,0,1,2,Under18,1,1,2,1,1,4,7,4,7,4,4,7,7,7,7,7,7,"1,2,3,6",4,3,,,2,1,1,,1,,,,5,4,5,5,5,5,,,,4,4,5,5,5,5,influencer_meat_expert_oil,tfft,influencer,expert,1,5.2,7,,4.33333333333333,4.33333333333333,5,,5,55+
R_1LkkDMxXJGHh7zr,1,406,0,0,2,Under18,1,1,2,1,3,4,6,5,5,5,4,6,7,7,1,4,4,"2,3",4,3,1,1,,,1,,1,4,5,6,7,7,6,7,7,7,4,4,4,,,,,,,expert_meat_influencer_oil,ftft,expert,influencer,1,5,4.6,5,,5,,4,4,55+
R_3ktgvwsjPAP7iNw,1,13,0,0,2,18-24,2,,,,,,,,,,,,,,,,,,,,,,,,1,,0,,,,,,,,,,,,,,,,,,,,,,,0,,,,,,,,,18-34
R_5DT9yrjB0nxMRDc,1,150,0,1,1,18-24,4,1,4,1,4,6,7,7,7,7,7,7,7,7,7,7,7,4,4,3,1,2,,,1,,1,7,7,7,7,7,7,7,7,7,7,7,7,,,,,,,expert_meat_influencer_oil,tfft,expert,influencer,0,7,7,7,,7,,7,7,18-34
R_3HoxzPo0a8aPZ2u,1,185,0,3,2,18-24,5,1,2,1,2,1,7,7,7,7,7,7,7,7,7,7,7,4,4,7,,,4,4,1,,1,,,,7,7,7,7,7,7,,,,7,7,7,7,7,7,influencer_meat_expert_oil,tfft,influencer,expert,0,7,7,,7,7,7,,7,18-34
R_7m3mD8c16rGg7cN,1,36,1,0,5,Under18,3,,,,,,,,,,,,,,,,,,,,,,,,0.899999976158142,,0,,,,,,,,,,,,,,,,,,,,,,,0,,,,,,,,,55+
R_62KMmPTHAqWQGvD,1,273,0,0,2,Under18,5,1,2,1,3,4,1,6,1,5,2,7,7,7,6,7,6,"3,4,6",4,3,,,1,1,1,,1,,,,4,5,4,7,7,7,,,,5,5,6,5,4,6,influencer_meat_expert_oil,ftft,influencer,expert,1,3,6.6,,5.33333333333333,5.33333333333333,5,,5,55+
R_6lJHKpTEuWEvb3T,1,190,0,0,2,25-34,2,,,,,,,,,,,,,,,,,,,,,,,,0.899999976158142,,0,,,,,,,,,,,,,,,,,,,,,,,0,,,,,,,,,18-34
R_6aeghL6PWEBSzCN,1,7,0,0,,,,,,,,,,,,,,,,,,,,,,,,,,,1,,0,,,,,,,,,,,,,,,,,,,,,,,0,,,,,,,,,55+
R_71FXhFPpVHRImoq,1,436,0,1,1,18-24,1,1,2,1,4,7,7,6,6,7,7,7,6,7,6,7,7,1,4,3,1,3,,,1,,1,7,7,7,7,7,7,7,7,7,7,7,7,,,,,,,expert_meat_influencer_oil,ftft,expert,influencer,0,6.6,6.6,7,,7,,7,7,18-34
R_5iRxTGGV2GwU0dP,1,16,0,0,,,,,,,,,,,,,,,,,,,,,,,,,,,0.899999976158142,,0,,,,,,,,,,,,,,,,,,,,,,,0,,,,,,,,,55+
R_1jiG9ThO3WVib8n,1,51,0,0,1,45-54,,,,,,,,,,,,,,,,,,,,,,,,,0.899999976158142,,0,,,,,,,,,,,,,,,,,,,,,,,0,,,,,,,,,35-54
R_5wi2bSbmBTATJoB,1,184,0,4,1,18-24,1,1,6,1,3,2,4,2,1,2,2,1,3,3,3,3,3,"1,2,3,4,6,5",5,1,,,2,2,0.899999976158142,,1,,,,4,3,6,3,2,4,,,,2,3,4,2,3,4,influencer_meat_expert_oil,ftft,influencer,expert,0,2.2,3,,3,3,3,,3,18-34
R_3pYCqr1K5EDcUsL,1,12,0,0,2,Under18,2,,,,,,,,,,,,,,,,,,,,,,,,1,,0,,,,,,,,,,,,,,,,,,,,,,,0,,,,,,,,,55+
R_3YKvqCjnedfJGyx,1,459,0,0,2,Under18,2,,,,,,,,,,,,,,,,,,,,,,,,1,,0,,,,,,,,,,,,,,,,,,,,,,,0,,,,,,,,,55+
R_1TmXo8chyTgLFEP,1,14,0,0,2,Under18,2,,,,,,,,,,,,,,,,,,,,,,,,1,,0,,,,,,,,,,,,,,,,,,,,,,,0,,,,,,,,,55+
R_6LAV0tRyiH0CyV2,1,498,0,2,2,45-54,1,1,2,1,3,3,6,7,7,5,6,5,4,7,7,6,7,4,4,5,1,4,,,1,,1,7,7,1,7,7,4,7,7,6,7,6,7,,,,,,,expert_meat_influencer_oil,tfft,expert,influencer,0,6.2,6.2,5,,5,,6.66666666666667,6.66666666666667,35-54
R_334saE3GrnHcYhz,1,10,0,0,1,18-24,5,,,,,,,,,,,,,,,,,,,,,,,,1,,0,,,,,,,,,,,,,,,,,,,,,,,0,,,,,,,,,18-34
R_1gnpUCQ4NCEmHrb,0,212,0,0,2,25-34,1,1,3,1,3,,6,,,,,,,,,,,,,,,,,,1,,0,,,,,,,,,,,,,,,,,,,,,,,0,6,,,,,,,,18-34
R_3PdTyNKmksVuoW5,1,346,0,2,2,18-24,1,1,2,1,4,4,6,5,6,6,4,3,7,7,7,6,7,"1,4,6",4,3,,,3,2,1,,1,,,,6,6,7,7,4,6,,,,5,5,7,7,7,6,influencer_meat_expert_oil,tfft,influencer,expert,1,5.4,6.8,,5.66666666666667,5.66666666666667,6.66666666666667,,6.66666666666667,18-34
R_3zn2T2bvaL69JaV,0,30,0,0,,,,,,,,,,,,,,,,,,,,,,,,,,,0.800000011920929,,0,,,,,,,,,,,,,,,,,,,,,,,0,,,,,,,,,55+
R_51W96vAq0xsaLex,0,98,0,0,2,55-64,1,2,2,1,3,,3,6,5,4,3,6,,,,,,,4,,,,,,0.800000011920929,,0,,,,,,,,,,,,,,,,,,,,,,,0,4.2,,,,,,,,55+
R_3EWRMJoBpGHRA86,0,149,0,1,1,25-34,1,2,3,1,3,4,4,4,4,4,4,4,4,4,4,4,4,1,4,3,5,,,,0.800000011920929,,0,4,4,4,,,,,,,,,,,,,,,,expert_meat_influencer_oil,tfft,expert,influencer,0,4,4,4,,4,,,,18-34
R_5iOV9AdBPy2YbDn,0,542,0,1,1,18-24,2,2,1,1,1,4,3,5,5,6,3,5,4,6,5,4,5,3,4,3,5,,,,1,,0,4,4,5,6,3,5,,,,,,,,,,,,,expert_meat_influencer_oil,ftft,expert,influencer,0,4.4,4.8,4.33333333333333,,4.33333333333333,,,,18-34
R_6KZN0PToxRtaens,0,778,0,0,2,45-54,2,2,2,1,4,,4,4,4,3,4,4,,,,,,,4,,,,,,0.800000011920929,,0,,,,,,,,,,,,,,,,,,,,,,,0,3.8,,,,,,,,35-54
R_7ZJLp0UPejWmyad,0,293,0,0,2,55-64,1,2,3,1,1,6,5,4,5,5,3,5,5,5,5,5,5,"1,6,5",4,3,,,1,,0.899999976158142,,0,,,,6,6,6,6,6,6,,,,5,5,6,,,,influencer_meat_expert_oil,ftft,influencer,expert,0,4.4,5,,5.33333333333333,5.33333333333333,,,,55+
R_12P3G6Hdj1znVNU,0,878,0,1,2,35-44,5,1,4,1,2,5,6,5,6,4,5,5,6,6,5,5,5,"4,6",4,2,,,1,,1,,0,,,,5,5,5,5,5,5,,,,5,5,5,,,,influencer_meat_expert_oil,tfft,influencer,expert,0,5.2,5.4,,5,5,,,,35-54
R_7EFOnt4pmMyPDYw,0,441,0,0,2,55-64,1,2,2,1,1,6,6,6,7,5,1,6,2,2,4,4,6,1,4,3,,,,,1,,0,,,,2,1,1,,,,,,,,,,,,,influencer_meat_expert_oil,ftft,influencer,expert,0,5,3.6,,,,,,,55+
R_32J4hmsS9m4EEZ7,0,160,0,0,2,18-24,1,1,2,1,4,,,,,,,6,,,,,,,,,,,,,0.899999976158142,,0,,,,,,,,,,,,,,,,,,,,,,,0,,,,,,,,,18-34
R_5DNEUayIl3JsEll,0,2,0,0,,,,,,,,,,,,,,,,,,,,,,,,,,,0.899999976158142,,0,,,,,,,,,,,,,,,,,,,,,,,0,,,,,,,,,55+
R_5aEGBk70Rkx6hjj,0,1464,0,2,2,18-24,1,2,2,1,3,4,5,5,2,4,5,4,3,2,2,6,4,"3,4",4,5,,,2,,0.800000011920929,,0,,,,4,3,4,5,3,3,,,,2,4,5,,,,influencer_meat_expert_oil,ftft,influencer,expert,0,4.2,3.4,,3.66666666666667,3.66666666666667,,,,18-34
R_3IF1xagjHoAGzIJ,0,288,0,0,2,18-24,1,2,2,1,2,,6,3,6,7,3,4,6,6,6,5,6,2,4,,,,,,1,,0,,,,,,,,,,,,,,,,,,,,,,,0,5,5.8,,,,,,,18-34
R_6hyCqpsq1HF1JDt,0,2521,0,0,1,25-34,1,1,,,,,,,,,,,,,,,,,,,,,,,1,,0,,,,,,,,,,,,,,,,,,,,,,,0,,,,,,,,,18-34
R_3XofmG4Hi7jqXLU,1,39,0,0,2,Under18,,,,,,,,,,,,,,,,,,,,,,,,,0.899999976158142,,0,,,,,,,,,,,,,,,,,,,,,,,0,,,,,,,,,55+
R_3w1wK6xYvmlLHAR,1,18,0,0,1,45-54,1,1,5,,,,,,,,,,,,,,,,,,,,,,1,,0,,,,,,,,,,,,,,,,,,,,,,,0,,,,,,,,,35-54
R_51uEyNYlWoceSxi,1,294,0,2,1,18-24,1,1,3,1,4,3,7,7,5,7,6,7,7,6,7,6,5,"1,3,6",4,3,2,4,,,1,,1,6,6,5,7,6,6,7,6,5,6,7,6,,,,,,,expert_meat_influencer_oil,ftft,expert,influencer,0,6.4,6.2,5.66666666666667,,5.66666666666667,,6.33333333333333,6.33333333333333,18-34
R_6ezPMIYTFB6e5GO,1,19,0,0,2,Under18,2,,,,,,,,,,,,,,,,,,,,,,,,0.800000011920929,,0,,,,,,,,,,,,,,,,,,,,,,,0,,,,,,,,,55+
R_3HdWhob9BbBmr2d,0,221,0,0,,,,,,,,,,,,,,,,,,,,,,,,,,,1,,0,,,,,,,,,,,,,,,,,,,,,,,0,,,,,,,,,55+
R_7znC9r8UFAdoSyG,0,2118,0,0,2,18-24,1,1,2,1,2,4,4,4,4,5,3,4,4,5,5,5,4,"1,2,4",4,3,,,1,,0.899999976158142,,0,,,,,,,,,,,,,5,6,5,,,,influencer_meat_expert_oil,tfft,influencer,expert,0,4,4.6,,5.33333333333333,5.33333333333333,,,,18-34
R_5TS5W5XjQORIGsA,1,32,0,0,1,18-24,2,,,,,,,,,,,,,,,,,,,,,,,,1,,0,,,,,,,,,,,,,,,,,,,,,,,0,,,,,,,,,18-34
R_7B4dtZxa1fy7nkl,1,19,0,0,2,18-24,2,,,,,,,,,,,,,,,,,,,,,,,,0.899999976158142,,0,,,,,,,,,,,,,,,,,,,,,,,0,,,,,,,,,18-34
R_590cIDuhvhc4i6l,1,15,0,0,2,35-44,5,,,,,,,,,,,,,,,,,,,,,,,,0.899999976158142,,0,,,,,,,,,,,,,,,,,,,,,,,0,,,,,,,,,35-54
R_7pLY9Liwdji1pX5,1,31,0,0,2,35-44,,,,,,,,,,,,,,,,,,,,,,,,,1,,0,,,,,,,,,,,,,,,,,,,,,,,0,,,,,,,,,35-54
R_52niEiIuinkBU4z,1,38,0,0,1,18-24,2,,,,,,,,,,,,,,,,,,,,,,,,0.899999976158142,,0,,,,,,,,,,,,,,,,,,,,,,,0,,,,,,,,,18-34
R_5khSHcwF3WjuD2V,1,20,0,0,1,35-44,5,,,,,,,,,,,,,,,,,,,,,,,,0.899999976158142,,0,,,,,,,,,,,,,,,,,,,,,,,0,,,,,,,,,35-54
R_1TGFJBegDiNP69H,1,19,0,0,2,25-34,5,,,,,,,,,,,,,,,,,,,,,,,,1,,0,,,,,,,,,,,,,,,,,,,,,,,0,,,,,,,,,18-34
R_17K6aNPpsDZ2zf3,1,18,0,0,1,18-24,2,,,,,,,,,,,,,,,,,,,,,,,,0.899999976158142,,0,,,,,,,,,,,,,,,,,,,,,,,0,,,,,,,,,18-34
R_5SHtX90HY5nXs9h,1,137,0,2,2,25-34,1,1,2,1,4,7,7,7,7,7,7,7,7,7,7,7,7,4,4,3,4,3,,,0.899999976158142,,1,7,7,7,7,7,7,7,7,7,7,7,7,,,,,,,expert_meat_influencer_oil,tfft,expert,influencer,0,7,7,7,,7,,7,7,18-34
R_7gNqyLR0v5g6SfE,1,68,0,0,2,18-24,,,,,,,,,,,,,,,,,,,,,,,,,1,,0,,,,,,,,,,,,,,,,,,,,,,,0,,,,,,,,,18-34
R_5SqzzFWloK3gLdn,1,25,0,0,2,25-34,2,,,,,,,,,,,,,,,,,,,,,,,,1,,0,,,,,,,,,,,,,,,,,,,,,,,0,,,,,,,,,18-34
R_3lMvUkEFGvyMIbd,1,187,0,2,2,18-24,1,1,6,1,4,6,7,7,6,6,6,6,5,7,6,7,6,4,4,3,,,4,3,1,,1,,,,6,7,6,6,7,6,,,,6,6,7,6,6,7,influencer_meat_expert_oil,tfft,influencer,expert,1,6.4,6.2,,6.33333333333333,6.33333333333333,6.33333333333333,,6.33333333333333,18-34
R_1MLenWmSH5i2iaq,1,23,0,0,2,25-34,2,,,,,,,,,,,,,,,,,,,,,,,,0.899999976158142,,0,,,,,,,,,,,,,,,,,,,,,,,0,,,,,,,,,18-34
R_3JngivuznEgoGWB,1,28,0,0,2,35-44,5,,,,,,,,,,,,,,,,,,,,,,,,0.899999976158142,,0,,,,,,,,,,,,,,,,,,,,,,,0,,,,,,,,,35-54
R_5IqkRCGyKdXyBah,1,29,0,0,2,45-54,2,,,,,,,,,,,,,,,,,,,,,,,,1,,0,,,,,,,,,,,,,,,,,,,,,,,0,,,,,,,,,35-54
R_3oHXOyGzFswIgES,1,30,0,0,2,25-34,2,,,,,,,,,,,,,,,,,,,,,,,,1,,0,,,,,,,,,,,,,,,,,,,,,,,0,,,,,,,,,18-34
R_1C1hqyC2M9ko1pv,1,23,0,0,1,18-24,3,,,,,,,,,,,,,,,,,,,,,,,,1,,0,,,,,,,,,,,,,,,,,,,,,,,0,,,,,,,,,18-34
R_7E4e7wmgR3LXTY5,1,245,0,1,1,25-34,1,1,4,1,1,2,5,4,7,5,6,6,5,6,5,6,7,"1,2,3,6",4,3,1,2,,,0.600000023841858,,1,6,7,5,6,5,5,6,5,5,6,6,5,,,,,,,expert_meat_influencer_oil,ftft,expert,influencer,0,5.4,5.8,6,,6,,5.66666666666667,5.66666666666667,18-34
R_7UZgOAxO6B8Xs2t,1,264,0,1,1,35-44,1,1,2,1,3,7,7,7,7,7,7,7,7,7,7,7,7,"3,4",4,7,,,1,1,0.800000011920929,,1,,,,7,7,7,7,7,7,,,,7,7,7,7,7,7,influencer_meat_expert_oil,ftft,influencer,expert,0,7,7,,7,7,7,,7,35-54
R_3gtgH2bID0cnA6W,1,205,0,3,2,18-24,,1,2,1,3,7,7,7,7,7,7,7,7,7,7,7,7,"1,2,6",4,7,,,4,3,1,,1,,,,7,7,7,7,7,7,,,,7,7,7,7,7,7,influencer_meat_expert_oil,tfft,influencer,expert,0,7,7,,7,7,7,,7,18-34
R_32JuL3gY1Z1Q9tD,1,117,0,0,1,25-34,1,1,5,,,,,,,,,,,,,,,,,,,,,,1,,0,,,,,,,,,,,,,,,,,,,,,,,0,,,,,,,,,18-34
R_5ATgcFG8G2A65Re,1,28,0,0,2,18-24,1,2,5,,,,,,,,,,,,,,,,,,,,,,1,,0,,,,,,,,,,,,,,,,,,,,,,,0,,,,,,,,,18-34
R_5RbdFky3VwJuuyZ,1,13,0,0,2,18-24,5,,,,,,,,,,,,,,,,,,,,,,,,1,,0,,,,,,,,,,,,,,,,,,,,,,,0,,,,,,,,,18-34
R_51oBHug2leT1dmi,1,280,0,0,2,25-34,2,,,,,,,,,,,,,,,,,,,,,,,,0.899999976158142,,0,,,,,,,,,,,,,,,,,,,,,,,0,,,,,,,,,18-34
R_7JgyNYKi4ukpcMY,1,176,0,0,1,Under18,4,2,4,1,4,4,4,4,4,4,4,5,3,3,3,3,3,"1,4",4,3,,,1,1,1,,1,,,,4,4,4,4,4,4,,,,4,4,4,4,4,4,influencer_meat_expert_oil,ftft,influencer,expert,1,4,3,,4,4,4,,4,55+
R_69TcPW1zfuaRfZn,1,28,0,0,1,35-44,5,,,,,,,,,,,,,,,,,,,,,,,,1,,0,,,,,,,,,,,,,,,,,,,,,,,0,,,,,,,,,35-54
R_6ruQtsfp8KsZZ05,1,24,0,0,2,25-34,2,,,,,,,,,,,,,,,,,,,,,,,,0.800000011920929,,0,,,,,,,,,,,,,,,,,,,,,,,0,,,,,,,,,18-34
R_3ckhyLzDTzFdo9S,1,57,0,0,2,45-54,2,,,,,,,,,,,,,,,,,,,,,,,,0.899999976158142,,0,,,,,,,,,,,,,,,,,,,,,,,0,,,,,,,,,35-54
R_7azf6kc6g8r6Hqq,1,574,0,0,2,18-24,1,1,2,1,3,6,7,6,7,5,7,7,6,7,7,6,4,1,4,3,1,1,,,0.899999976158142,,1,5,6,4,6,5,6,7,7,7,5,4,5,,,,,,,expert_meat_influencer_oil,ftft,expert,influencer,1,6.4,6,5,,5,,4.66666666666667,4.66666666666667,18-34
R_3NkcajEz7nlqEHR,1,13,0,0,2,18-24,,,,,,,,,,,,,,,,,,,,,,,,,1,,0,,,,,,,,,,,,,,,,,,,,,,,0,,,,,,,,,18-34
R_5OIfXUYH8ZQOAtP,1,36,0,0,2,25-34,2,,,,,,,,,,,,,,,,,,,,,,,,1,,0,,,,,,,,,,,,,,,,,,,,,,,0,,,,,,,,,18-34
R_54bSBbaTTTV27eN,1,24,0,0,2,Under18,2,,,,,,,,,,,,,,,,,,,,,,,,1,,0,,,,,,,,,,,,,,,,,,,,,,,0,,,,,,,,,55+
R_722hBjio9L7uYbn,1,343,0,0,1,55-64,1,1,3,1,4,2,6,6,6,4,1,6,6,6,4,5,6,"1,5",4,3,,,1,1,1,,1,,,,6,6,6,6,6,6,,,,6,6,6,6,6,6,influencer_meat_expert_oil,tfft,influencer,expert,1,4.6,5.4,,6,6,6,,6,55+
R_1YzeSQ9s3o7K8Xe,1,37,0,0,1,45-54,2,,,,,,,,,,,,,,,,,,,,,,,,1,,0,,,,,,,,,,,,,,,,,,,,,,,0,,,,,,,,,35-54
R_7je9aQfsya3kAs7,1,840,0,0,2,35-44,1,1,3,1,3,4,4,5,5,4,3,6,3,3,4,3,3,1,4,3,1,1,,,0.800000011920929,,1,4,4,4,5,5,6,4,4,4,4,4,4,,,,,,,expert_meat_influencer_oil,tfft,expert,influencer,1,4.2,3.2,4,,4,,4,4,35-54
R_3SdqjU6bjxjEzZL,1,9,0,0,1,18-24,,,,,,,,,,,,,,,,,,,,,,,,,1,,0,,,,,,,,,,,,,,,,,,,,,,,0,,,,,,,,,18-34
R_7SMBoaOORFr7RFT,1,372,0,2,2,35-44,1,1,3,1,4,4,6,6,6,6,6,6,6,6,6,6,6,"1,3,4",4,3,2,3,,,1,,1,7,7,7,6,6,6,4,4,5,6,6,6,,,,,,,expert_meat_influencer_oil,tfft,expert,influencer,0,6,6,7,,7,,6,6,35-54
R_5vVpwKPaUpBAdON,1,114,0,0,2,18-24,,,,,,,,,,,,,,,,,,,,,,,,,0.899999976158142,,0,,,,,,,,,,,,,,,,,,,,,,,0,,,,,,,,,18-34
R_5sCCiNuMwl5UJot,1,11,0,0,2,18-24,,,,,,,,,,,,,,,,,,,,,,,,,0.899999976158142,,0,,,,,,,,,,,,,,,,,,,,,,,0,,,,,,,,,18-34
R_332sg77I3GYoucd,1,30,0,0,1,18-24,,,,,,,,,,,,,,,,,,,,,,,,,0.899999976158142,,0,,,,,,,,,,,,,,,,,,,,,,,0,,,,,,,,,18-34
R_3GiTabsuvIg0UD9,1,7,0,0,1,18-24,,,,,,,,,,,,,,,,,,,,,,,,,1,,0,,,,,,,,,,,,,,,,,,,,,,,0,,,,,,,,,18-34
R_7dAexc4zzpyVIqT,1,287,0,3,2,45-54,1,1,2,1,1,5,4,4,4,4,4,4,3,3,4,4,4,"1,2",4,4,,,5,6,1,,1,,,,4,4,4,4,4,4,,,,4,4,4,4,4,4,influencer_meat_expert_oil,tfft,influencer,expert,0,4,3.6,,4,4,4,,4,35-54
R_535HHDrwKNTptFD,1,102,0,0,1,35-44,1,1,2,1,1,,,5,,5,4,,,,,,,,,,,,,,0.899999976158142,,0,,,,,,,,,,,,,,,,,,,,,,,0,4.66666666666667,,,,,,,,35-54
R_50nStH7Pbf6cc0I,1,191,0,2,2,25-34,1,1,2,1,4,1,7,7,7,7,7,7,7,7,7,7,7,"3,4",4,7,3,,,,0.899999976158142,,0,7,7,7,7,7,7,7,7,7,,,,,,,,,,expert_meat_influencer_oil,tfft,expert,influencer,0,7,7,7,,7,,,,18-34
R_6y27rZXVYt1XBbX,1,13,0,0,1,35-44,2,,,,,,,,,,,,,,,,,,,,,,,,0.899999976158142,,0,,,,,,,,,,,,,,,,,,,,,,,0,,,,,,,,,35-54
R_66vttUdl7bFD5Ch,1,13,0,0,1,45-54,2,,,,,,,,,,,,,,,,,,,,,,,,1,,0,,,,,,,,,,,,,,,,,,,,,,,0,,,,,,,,,35-54
R_6HH0UVgaBaO6bYw,1,25,0,0,1,35-44,1,1,2,,,,,,,,,,,,,,,,,,,,,,1,,0,,,,,,,,,,,,,,,,,,,,,,,0,,,,,,,,,35-54
R_3VO6jyrpwAKTk2H,1,533,0,0,2,25-34,1,1,4,1,4,6,4,5,6,7,4,5,7,7,7,7,7,"3,6",4,3,1,1,,,0.899999976158142,,1,3,3,3,5,5,5,7,7,7,5,5,5,,,,,,,expert_meat_influencer_oil,ftft,expert,influencer,1,5.2,7,3,,3,,5,5,18-34
R_5KrOBGSYB0VND8O,1,116,0,0,1,25-34,1,1,4,1,2,,,,,,5,,,,,,,,,,,,,,0.899999976158142,,0,,,,,,,,,,,,,,,,,,,,,,,0,5,,,,,,,,18-34
R_1o7vrt3WhEl0437,1,362,0,0,2,25-34,1,1,4,1,3,4,5,5,4,4,4,5,4,4,5,5,5,1,4,3,,,1,,0.899999976158142,,0,,,,,,,,,,,,,4,5,4,,,,influencer_meat_expert_oil,tfft,influencer,expert,0,4.4,4.6,,4.33333333333333,4.33333333333333,,,,18-34
R_1yavFD2wK7q83wh,1,440,0,2,2,35-44,1,1,3,1,3,4,5,5,5,4,4,5,5,4,5,5,5,1,4,3,,,5,3,1,,1,,,,4,4,4,4,2,2,,,,1,1,1,3,2,2,influencer_meat_expert_oil,ftft,influencer,expert,1,4.6,4.8,,1,1,2.33333333333333,,2.33333333333333,35-54
R_3rIN9Ye6mOiw2BP,1,610,0,0,1,25-34,1,1,5,,,,,,,,,,,,,,,,,,,,,,0.899999976158142,,0,,,,,,,,,,,,,,,,,,,,,,,0,,,,,,,,,18-34
R_5giFqqppUS83dlg,1,1126,0,0,2,35-44,1,1,2,,,,,,,,,,,,,,,,,,,,,,0.899999976158142,,0,,,,,,,,,,,,,,,,,,,,,,,0,,,,,,,,,35-54
R_5FUNF0ur2GPx3Aw,1,308,0,0,1,35-44,1,1,3,1,2,6,3,5,6,7,1,7,3,4,2,4,4,"1,2",4,3,1,1,,,0.899999976158142,,1,1,1,1,4,4,4,6,5,6,3,3,2,,,,,,,expert_meat_influencer_oil,ftft,expert,influencer,1,4.4,3.4,1,,1,,2.66666666666667,2.66666666666667,35-54
R_5uKgFKEwIM7gUpU,1,24,0,0,1,45-54,5,,,,,,,,,,,,,,,,,,,,,,,,1,,0,,,,,,,,,,,,,,,,,,,,,,,0,,,,,,,,,35-54
R_5GJiGRwkS7EeMjt,1,72,0,0,2,35-44,1,2,2,,,,,,,,,,,,,,,,,,,,,,1,,0,,,,,,,,,,,,,,,,,,,,,,,0,,,,,,,,,35-54
R_5kcvhAbzvwIOTlf,1,16,0,0,,,,,,,,,,,,,,,,,,,,,,,,,,,0.800000011920929,,0,,,,,,,,,,,,,,,,,,,,,,,0,,,,,,,,,55+
R_1Q5bbXFRjsP0ScZ,1,12,0,0,2,45-54,5,,,,,,,,,,,,,,,,,,,,,,,,0.899999976158142,,0,,,,,,,,,,,,,,,,,,,,,,,0,,,,,,,,,35-54
R_6AOjQCn49C1eNnr,1,22,0,0,1,35-44,2,,,,,,,,,,,,,,,,,,,,,,,,1,,0,,,,,,,,,,,,,,,,,,,,,,,0,,,,,,,,,35-54
R_7OQ2DY32Flx0cBE,1,13,0,0,1,18-24,,,,,,,,,,,,,,,,,,,,,,,,,0.899999976158142,,0,,,,,,,,,,,,,,,,,,,,,,,0,,,,,,,,,18-34
R_5WUdpPIp3G7P8mt,1,577,0,0,2,35-44,1,1,3,1,2,4,4,6,7,5,5,6,4,4,4,4,5,6,4,3,1,1,,,1,,1,5,4,5,4,4,4,4,5,5,6,5,4,,,,,,,expert_meat_influencer_oil,tfft,expert,influencer,1,5.4,4.2,4.66666666666667,,4.66666666666667,,5,5,35-54
R_7x0IHClLWE7LGNj,1,11,0,0,1,18-24,,,,,,,,,,,,,,,,,,,,,,,,,1,,0,,,,,,,,,,,,,,,,,,,,,,,0,,,,,,,,,18-34
R_1bmZFh0rQFqKrn3,1,63,0,0,2,25-34,1,2,4,,,,,,,,,,,,,,,,,,,,,,0.800000011920929,,0,,,,,,,,,,,,,,,,,,,,,,,0,,,,,,,,,18-34
R_6LXWp0lo3TYlVbJ,1,604,0,0,1,18-24,,,,,,,,,,,,,,,,,,,,,,,,,1,,0,,,,,,,,,,,,,,,,,,,,,,,0,,,,,,,,,18-34
R_3uNUb6PYdDvu2Sl,1,82,0,0,4,25-34,,,,,,,,,,,,,,,,,,,,,,,,,0.600000023841858,,0,,,,,,,,,,,,,,,,,,,,,,,0,,,,,,,,,18-34
R_30ZdFWc5BMMFac2,1,17,0,0,1,45-54,5,,,,,,,,,,,,,,,,,,,,,,,,0.899999976158142,,0,,,,,,,,,,,,,,,,,,,,,,,0,,,,,,,,,35-54
R_7hMicVGqA3K0fH1,1,35,0,0,2,25-34,1,1,4,,,,,,,,,,,,,,,,,,,,,,0.899999976158142,,0,,,,,,,,,,,,,,,,,,,,,,,0,,,,,,,,,18-34
R_1UV3hkQoosUVOeJ,1,25,0,0,2,Under18,,,,,,,,,,,,,,,,,,,,,,,,,0.800000011920929,,0,,,,,,,,,,,,,,,,,,,,,,,0,,,,,,,,,55+
R_7PHt50NdtKeW3Kx,1,26,0,0,2,Under18,1,1,4,,,,,,,,,,,,,,,,,,,,,,1,,0,,,,,,,,,,,,,,,,,,,,,,,0,,,,,,,,,55+
R_5tXOK7RAXXHTvUJ,1,7,0,0,,,,,,,,,,,,,,,,,,,,,,,,,,,0.5,,0,,,,,,,,,,,,,,,,,,,,,,,0,,,,,,,,,55+
R_6HquX6YeD5SQxQq,1,233,0,1,1,25-34,1,1,1,1,2,4,4,4,4,4,4,4,4,4,4,4,4,4,4,3,,,1,6,0.899999976158142,,1,,,,4,4,4,4,4,4,,,,4,4,4,4,4,4,influencer_meat_expert_oil,ftft,influencer,expert,1,4,4,,4,4,4,,4,18-34
R_5GuV03GvQ1JUKue,1,10,0,0,2,18-24,,,,,,,,,,,,,,,,,,,,,,,,,0.899999976158142,,0,,,,,,,,,,,,,,,,,,,,,,,0,,,,,,,,,18-34
R_3ENksHFm0muWIYz,1,14,0,0,2,35-44,1,1,4,,,,,,,,,,,,,,,,,,,,,,0.699999988079071,,0,,,,,,,,,,,,,,,,,,,,,,,0,,,,,,,,,35-54
R_3zZMYVeHfjzI1tP,1,153,0,3,2,25-34,1,1,1,1,2,1,2,1,1,1,1,2,6,7,6,7,7,3,4,7,3,2,,,0.899999976158142,,1,7,6,7,7,6,7,6,7,7,7,7,7,,,,,,,expert_meat_influencer_oil,ftft,expert,influencer,0,1.2,6.6,6.66666666666667,,6.66666666666667,,7,7,18-34
R_3an4TDQPXAvpIKN,1,30,0,0,2,25-34,5,,,,,,,,,,,,,,,,,,,,,,,,1,,0,,,,,,,,,,,,,,,,,,,,,,,0,,,,,,,,,18-34
R_6tg1b03Ehix8uR9,1,17,0,0,2,35-44,5,,,,,,,,,,,,,,,,,,,,,,,,0.800000011920929,,0,,,,,,,,,,,,,,,,,,,,,,,0,,,,,,,,,35-54
R_6iwMdSqMGg6rvmK,1,47,0,0,2,35-44,1,1,4,,,,,,,,,,,,,,,,,,,,,,0.699999988079071,,0,,,,,,,,,,,,,,,,,,,,,,,0,,,,,,,,,35-54
R_6CvqSjpYIFMuGC0,1,13,0,0,2,18-24,,,,,,,,,,,,,,,,,,,,,,,,,0.800000011920929,,0,,,,,,,,,,,,,,,,,,,,,,,0,,,,,,,,,18-34
R_70qs4aG2htmmg0b,1,29,0,0,2,35-44,1,2,2,,,,,,,,,,,,,,,,,,,,,,1,,0,,,,,,,,,,,,,,,,,,,,,,,0,,,,,,,,,35-54
R_1KCLGkCLXsjYfBL,1,30,0,0,1,18-24,,,,,,,,,,,,,,,,,,,,,,,,,0.800000011920929,,0,,,,,,,,,,,,,,,,,,,,,,,0,,,,,,,,,18-34
R_7Ed29VR9E9qK7jH,1,11,0,0,1,Under18,5,,,,,,,,,,,,,,,,,,,,,,,,1,,0,,,,,,,,,,,,,,,,,,,,,,,0,,,,,,,,,55+
R_1FkTP9DQP74urzh,1,374,0,0,2,35-44,1,1,3,1,3,6,4,5,4,6,3,5,6,7,6,7,6,"1,2,3,4",4,3,,,1,1,1,,1,,,,4,5,5,4,3,3,,,,4,3,5,5,5,5,influencer_meat_expert_oil,tfft,influencer,expert,1,4.4,6.4,,4,4,5,,5,35-54
R_1CEgYgakitzqmky,1,22,0,0,2,45-54,,,,,,,,,,,,,,,,,,,,,,,,,0.800000011920929,,0,,,,,,,,,,,,,,,,,,,,,,,0,,,,,,,,,35-54
R_30MASZCzBYkMgwm,1,11,0,0,2,18-24,,,,,,,,,,,,,,,,,,,,,,,,,0.899999976158142,,0,,,,,,,,,,,,,,,,,,,,,,,0,,,,,,,,,18-34
R_5teQHeNFutkFO8E,1,51,0,0,1,25-34,1,1,4,,,,,,,,,,,,,,,,,,,,,,1,,0,,,,,,,,,,,,,,,,,,,,,,,0,,,,,,,,,18-34
R_5Pd8zF7Virzhosx,1,64,0,0,2,35-44,1,1,2,,,,,,,,,,,,,,,,,,,,,,1,,0,,,,,,,,,,,,,,,,,,,,,,,0,,,,,,,,,35-54
R_11NvHwbjZI7JHa1,1,200,0,0,2,25-34,1,2,2,,,,,,,,,,,,,,,,,,,,,,1,,0,,,,,,,,,,,,,,,,,,,,,,,0,,,,,,,,,18-34
R_5CHNblk82Zku6Od,1,15,0,0,2,25-34,2,,,,,,,,,,,,,,,,,,,,,,,,1,,0,,,,,,,,,,,,,,,,,,,,,,,0,,,,,,,,,18-34
R_5MLiLZHxZsazSKF,1,12,0,0,2,18-24,,,,,,,,,,,,,,,,,,,,,,,,,1,,0,,,,,,,,,,,,,,,,,,,,,,,0,,,,,,,,,18-34
R_5yvED1fJqeGr1PH,1,42,0,0,2,25-34,1,2,5,,,,,,,,,,,,,,,,,,,,,,1,,0,,,,,,,,,,,,,,,,,,,,,,,0,,,,,,,,,18-34
R_6MbwwNsRH4YmtKF,1,14,0,0,1,18-24,,,,,,,,,,,,,,,,,,,,,,,,,0.899999976158142,,0,,,,,,,,,,,,,,,,,,,,,,,0,,,,,,,,,18-34
R_1RPulk3uC0AgYjj,1,23,0,0,2,35-44,1,1,2,,,,,,,,,,,,,,,,,,,,,,0.899999976158142,,0,,,,,,,,,,,,,,,,,,,,,,,0,,,,,,,,,35-54
R_7WHEKTecRylvVKO,1,10,0,0,2,18-24,,,,,,,,,,,,,,,,,,,,,,,,,0.899999976158142,,0,,,,,,,,,,,,,,,,,,,,,,,0,,,,,,,,,18-34
R_590oTgDPAhaOB3D,1,49,0,0,1,18-24,,,,,,,,,,,,,,,,,,,,,,,,,0.899999976158142,,0,,,,,,,,,,,,,,,,,,,,,,,0,,,,,,,,,18-34
R_6GfAb3pSxGjxcOm,1,17,0,0,2,Under18,,,,,,,,,,,,,,,,,,,,,,,,,0.800000011920929,,0,,,,,,,,,,,,,,,,,,,,,,,0,,,,,,,,,55+
R_6czmSdVWUhiyK0A,1,19,0,0,2,18-24,,,,,,,,,,,,,,,,,,,,,,,,,1,,0,,,,,,,,,,,,,,,,,,,,,,,0,,,,,,,,,18-34
R_7LpdkmqEhSDOzDP,1,26,0,0,1,18-24,,,,,,,,,,,,,,,,,,,,,,,,,0.699999988079071,,0,,,,,,,,,,,,,,,,,,,,,,,0,,,,,,,,,18-34
R_67HvwiX8TcWuzg5,1,11,0,0,2,18-24,,,,,,,,,,,,,,,,,,,,,,,,,1,,0,,,,,,,,,,,,,,,,,,,,,,,0,,,,,,,,,18-34
R_7sofB1w2CY8DbBD,1,307,0,1,2,35-44,1,1,3,1,3,7,6,6,6,6,2,6,4,6,4,6,7,"1,2,3",4,5,,,1,1,0.800000011920929,,1,,,,6,6,6,6,6,6,,,,6,6,6,7,7,7,influencer_meat_expert_oil,ftft,influencer,expert,0,5.2,5.4,,6,6,7,,7,35-54
R_1qQduEos26BI7nP,1,11,0,0,2,18-24,,,,,,,,,,,,,,,,,,,,,,,,,0.899999976158142,,0,,,,,,,,,,,,,,,,,,,,,,,0,,,,,,,,,18-34
R_5EZdOpcU3s0P2Rb,1,221,0,3,1,45-54,1,1,3,1,4,5,4,3,4,4,3,5,5,4,4,5,3,4,4,4,2,3,,,0.800000011920929,,1,4,4,5,5,5,4,4,4,4,4,4,4,,,,,,,expert_meat_influencer_oil,tfft,expert,influencer,0,3.6,4.2,4.33333333333333,,4.33333333333333,,4,4,35-54
R_3zx6lvfIfBJqVLH,1,954,0,0,2,45-54,1,2,3,1,2,4,6,5,6,6,2,6,6,6,4,4,6,"1,3",4,3,1,1,,,0.800000011920929,,1,4,2,5,4,4,6,4,6,6,6,3,3,,,,,,,expert_meat_influencer_oil,tfft,expert,influencer,1,5,5.2,3.66666666666667,,3.66666666666667,,4,4,35-54
R_5PXYK2icJaCUOPz,1,9,0,0,,,,,,,,,,,,,,,,,,,,,,,,,,,0.899999976158142,,0,,,,,,,,,,,,,,,,,,,,,,,0,,,,,,,,,55+
R_3GjdkdeAZVLytgZ,1,20,0,0,1,18-24,,,,,,,,,,,,,,,,,,,,,,,,,1,,0,,,,,,,,,,,,,,,,,,,,,,,0,,,,,,,,,18-34
R_6laeWwfWrDLQHZy,1,12,0,0,1,18-24,,,,,,,,,,,,,,,,,,,,,,,,,0.800000011920929,,0,,,,,,,,,,,,,,,,,,,,,,,0,,,,,,,,,18-34
R_3ogPJSh7zPPVBSe,1,45,0,0,2,45-54,1,2,2,,,,,,,,,,,,,,,,,,,,,,0.899999976158142,,0,,,,,,,,,,,,,,,,,,,,,,,0,,,,,,,,,35-54
R_6pVH9FPxboDvjUf,1,27,0,0,1,25-34,1,2,4,,,,,,,,,,,,,,,,,,,,,,1,,0,,,,,,,,,,,,,,,,,,,,,,,0,,,,,,,,,18-34
R_7IT620lkXY0c8zN,1,12,0,0,2,18-24,,,,,,,,,,,,,,,,,,,,,,,,,0.899999976158142,,0,,,,,,,,,,,,,,,,,,,,,,,0,,,,,,,,,18-34
R_3EaEXUKeXVY7Pzz,1,9,0,0,,,,,,,,,,,,,,,,,,,,,,,,,,,1,,0,,,,,,,,,,,,,,,,,,,,,,,0,,,,,,,,,55+
R_5du8ZJ3XpKrroe7,1,14,0,0,2,18-24,,,,,,,,,,,,,,,,,,,,,,,,,0.899999976158142,,0,,,,,,,,,,,,,,,,,,,,,,,0,,,,,,,,,18-34
R_3uJUSBWaZ4LyyPp,1,24,0,0,1,35-44,4,2,2,,,,,,,,,,,,,,,,,,,,,,0.899999976158142,,0,,,,,,,,,,,,,,,,,,,,,,,0,,,,,,,,,35-54
R_3r7y8yH1iyXTTDW,1,52,0,0,2,18-24,,,,,,,,,,,,,,,,,,,,,,,,,0.899999976158142,,0,,,,,,,,,,,,,,,,,,,,,,,0,,,,,,,,,18-34
R_7U6gkW3ewbAONuy,1,10,0,0,,,,,,,,,,,,,,,,,,,,,,,,,,,0.800000011920929,,0,,,,,,,,,,,,,,,,,,,,,,,0,,,,,,,,,55+
R_5hKnEWHge55FOCh,1,18,0,0,1,18-24,,,,,,,,,,,,,,,,,,,,,,,,,0.800000011920929,,0,,,,,,,,,,,,,,,,,,,,,,,0,,,,,,,,,18-34
R_53DStDH8QkzTtlf,1,26,0,0,1,25-34,1,1,4,,,,,,,,,,,,,,,,,,,,,,1,,0,,,,,,,,,,,,,,,,,,,,,,,0,,,,,,,,,18-34
R_1US6m1PNU3INy2R,1,17,0,0,1,35-44,1,2,2,,,,,,,,,,,,,,,,,,,,,,0.800000011920929,,0,,,,,,,,,,,,,,,,,,,,,,,0,,,,,,,,,35-54
R_71h93TKmr03LSUS,1,12,0,0,3,35-44,2,,,,,,,,,,,,,,,,,,,,,,,,0.800000011920929,,0,,,,,,,,,,,,,,,,,,,,,,,0,,,,,,,,,35-54
R_3KvhSPxT0gfXfY5,1,12,0,0,1,18-24,,,,,,,,,,,,,,,,,,,,,,,,,0.800000011920929,,0,,,,,,,,,,,,,,,,,,,,,,,0,,,,,,,,,18-34
R_5DKIoUXIcgzRzah,1,27,0,0,2,35-44,1,1,2,,,,,,,,,,,,,,,,,,,,,,1,,0,,,,,,,,,,,,,,,,,,,,,,,0,,,,,,,,,35-54
R_7eJEvDy7vywWNrt,1,24,0,0,2,45-54,4,2,2,,,,,,,,,,,,,,,,,,,,,,0.800000011920929,,0,,,,,,,,,,,,,,,,,,,,,,,0,,,,,,,,,35-54
R_6OJCWdQLeLpQrAR,1,144,0,0,2,45-54,1,1,2,,,,,,,,,,,,,,,,,,,,,,0.899999976158142,,0,,,,,,,,,,,,,,,,,,,,,,,0,,,,,,,,,35-54
R_7WDqsLrJxIvk9fI,1,13,0,0,1,35-44,2,,,,,,,,,,,,,,,,,,,,,,,,1,,0,,,,,,,,,,,,,,,,,,,,,,,0,,,,,,,,,35-54
R_5KWb5syh8EiFrqM,1,21,0,0,2,Under18,,,,,,,,,,,,,,,,,,,,,,,,,1,,0,,,,,,,,,,,,,,,,,,,,,,,0,,,,,,,,,55+
R_7Xonxhaqu7JK4zW,1,11,0,0,2,18-24,,,,,,,,,,,,,,,,,,,,,,,,,0.899999976158142,,0,,,,,,,,,,,,,,,,,,,,,,,0,,,,,,,,,18-34
R_1lDKx2UTgRueKaT,1,220,0,0,2,Under18,1,1,3,1,3,1,7,7,7,1,5,5,6,6,7,6,5,"1,2,4,6",4,3,,,1,1,0.899999976158142,,1,,,,6,5,6,7,6,7,,,,2,3,5,7,7,7,influencer_meat_expert_oil,tfft,influencer,expert,1,5.4,6,,3.33333333333333,3.33333333333333,7,,7,55+
R_3Xfoj5ZIJb0DfDX,1,13,0,0,2,25-34,1,1,,,,,,,,,,,,,,,,,,,,,,,1,,0,,,,,,,,,,,,,,,,,,,,,,,0,,,,,,,,,18-34
R_3ZQZ8yBtCUuxZd3,1,39,0,0,2,45-54,1,1,,,,,,,,,,,,,,,,,,,,,,,0.800000011920929,,0,,,,,,,,,,,,,,,,,,,,,,,0,,,,,,,,,35-54
R_5YxJcJC7zINvVGT,1,24,0,0,1,18-24,,,,,,,,,,,,,,,,,,,,,,,,,1,,0,,,,,,,,,,,,,,,,,,,,,,,0,,,,,,,,,18-34
R_7WxpdwKIpG5VXV6,1,44,0,0,1,35-44,1,2,2,,,,,,,,,,,,,,,,,,,,,,0.800000011920929,,0,,,,,,,,,,,,,,,,,,,,,,,0,,,,,,,,,35-54
R_1g1JqIKMo24EYbM,1,16,0,0,2,35-44,1,1,,,,,,,,,,,,,,,,,,,,,,,1,,0,,,,,,,,,,,,,,,,,,,,,,,0,,,,,,,,,35-54
R_3Kflo9OjTEszA75,1,29,0,0,2,25-34,1,1,,,,,,,,,,,,,,,,,,,,,,,0.800000011920929,,0,,,,,,,,,,,,,,,,,,,,,,,0,,,,,,,,,18-34
R_6OIvqHWt0LoCUW1,1,33,0,0,2,35-44,1,1,,,,,,,,,,,,,,,,,,,,,,,0.800000011920929,,0,,,,,,,,,,,,,,,,,,,,,,,0,,,,,,,,,35-54
R_51ppFtyPFTRD1Gw,1,43,0,0,1,25-34,1,1,,,,,,,,,,,,,,,,,,,,,,,0.899999976158142,,0,,,,,,,,,,,,,,,,,,,,,,,0,,,,,,,,,18-34
R_5eK6HGsJ3x7mZbJ,1,16,0,0,2,25-34,1,1,,,,,,,,,,,,,,,,,,,,,,,0.800000011920929,,0,,,,,,,,,,,,,,,,,,,,,,,0,,,,,,,,,18-34
R_3HVgZ0Pl6cMPJcd,1,56,0,0,1,25-34,1,1,,,,,,,,,,,,,,,,,,,,,,,1,,0,,,,,,,,,,,,,,,,,,,,,,,0,,,,,,,,,18-34
R_3AG31rJyM2B1uiG,1,13,0,0,2,18-24,,,,,,,,,,,,,,,,,,,,,,,,,0.800000011920929,,0,,,,,,,,,,,,,,,,,,,,,,,0,,,,,,,,,18-34
R_6dt4io5M5pgD3w8,1,14,0,0,2,Under18,,,,,,,,,,,,,,,,,,,,,,,,,0.899999976158142,,0,,,,,,,,,,,,,,,,,,,,,,,0,,,,,,,,,55+
R_7Ibrwkvm7cnfbzn,1,20,0,0,1,25-34,1,1,,,,,,,,,,,,,,,,,,,,,,,1,,0,,,,,,,,,,,,,,,,,,,,,,,0,,,,,,,,,18-34
R_1vWhu06DP4qBkcx,1,13,0,0,2,18-24,,,,,,,,,,,,,,,,,,,,,,,,,0.899999976158142,,0,,,,,,,,,,,,,,,,,,,,,,,0,,,,,,,,,18-34
R_7rLZt0PgfNTVe7e,1,17,0,0,1,Under18,1,1,,,,,,,,,,,,,,,,,,,,,,,1,,0,,,,,,,,,,,,,,,,,,,,,,,0,,,,,,,,,55+
R_1jMcHFY8JjXU7M5,1,20,0,0,2,25-34,1,1,,,,,,,,,,,,,,,,,,,,,,,1,,0,,,,,,,,,,,,,,,,,,,,,,,0,,,,,,,,,18-34
R_5ES92SMfhlMJJbG,1,16,0,0,2,35-44,1,1,,,,,,,,,,,,,,,,,,,,,,,0.899999976158142,,0,,,,,,,,,,,,,,,,,,,,,,,0,,,,,,,,,35-54
R_7nJ01ER9ChnCp7q,1,88,0,0,2,35-44,1,1,,,,,,,,,,,,,,,,,,,,,,,1,,0,,,,,,,,,,,,,,,,,,,,,,,0,,,,,,,,,35-54
R_6uJWyMS8pAVprIE,1,26,0,0,2,25-34,1,1,,,,,,,,,,,,,,,,,,,,,,,0.899999976158142,,0,,,,,,,,,,,,,,,,,,,,,,,0,,,,,,,,,18-34
R_1pW65YSeInOxQuK,1,33,0,0,2,35-44,1,1,,,,,,,,,,,,,,,,,,,,,,,0.899999976158142,,0,,,,,,,,,,,,,,,,,,,,,,,0,,,,,,,,,35-54
R_5CyAfFqdxxVILBF,1,18,0,0,2,25-34,,,,,,,,,,,,,,,,,,,,,,,,,1,,0,,,,,,,,,,,,,,,,,,,,,,,0,,,,,,,,,18-34
R_7V1S0zYc4XRPU6w,1,14,0,0,1,18-24,,,,,,,,,,,,,,,,,,,,,,,,,1,,0,,,,,,,,,,,,,,,,,,,,,,,0,,,,,,,,,18-34
R_5ix8mWY6PMpCO7h,1,163,0,0,1,25-34,1,1,,,,,,,,,,,,,,,,,,,,,,,0.899999976158142,,0,,,,,,,,,,,,,,,,,,,,,,,0,,,,,,,,,18-34
R_3gBbGjJjZC2ktFs,1,8,0,0,1,18-24,,,,,,,,,,,,,,,,,,,,,,,,,1,,0,,,,,,,,,,,,,,,,,,,,,,,0,,,,,,,,,18-34
R_5wcVR1DIC2A7h5i,1,110,0,0,1,25-34,,,,,,,,,,,,,,,,,,,,,,,,,1,,0,,,,,,,,,,,,,,,,,,,,,,,0,,,,,,,,,18-34
R_74nRuWJwCVQtfNj,1,24,0,0,1,18-24,,,,,,,,,,,,,,,,,,,,,,,,,0.5,,0,,,,,,,,,,,,,,,,,,,,,,,0,,,,,,,,,18-34
R_6hRayKMksqUfNVU,1,38,0,0,1,35-44,1,1,,,,,,,,,,,,,,,,,,,,,,,0.800000011920929,,0,,,,,,,,,,,,,,,,,,,,,,,0,,,,,,,,,35-54
R_6zev0YfCrP1Zsyk,1,18,0,0,2,18-24,,,,,,,,,,,,,,,,,,,,,,,,,0.899999976158142,,0,,,,,,,,,,,,,,,,,,,,,,,0,,,,,,,,,18-34
R_5vt0ne3V60kOi6B,1,92,0,0,1,25-34,1,1,,,,,,,,,,,,,,,,,,,,,,,0.699999988079071,,0,,,,,,,,,,,,,,,,,,,,,,,0,,,,,,,,,18-34
R_3uTzUJM9eqIYHe3,1,76,0,0,2,45-54,1,1,,,,,,,,,,,,,,,,,,,,,,,1,,0,,,,,,,,,,,,,,,,,,,,,,,0,,,,,,,,,35-54
R_5M1RfOqJr3R30el,1,26,0,0,2,25-34,4,2,2,,,,,,,,,,,,,,,,,,,,,,0.899999976158142,,0,,,,,,,,,,,,,,,,,,,,,,,0,,,,,,,,,18-34
R_7rvUxc3LiHZgEgq,1,19,0,0,2,18-24,,,,,,,,,,,,,,,,,,,,,,,,,0.800000011920929,,0,,,,,,,,,,,,,,,,,,,,,,,0,,,,,,,,,18-34
R_7E6U6oYeHzYVBlt,1,88,0,0,1,25-34,1,1,,,,,,,,,,,,,,,,,,,,,,,0.800000011920929,,0,,,,,,,,,,,,,,,,,,,,,,,0,,,,,,,,,18-34
R_7YkPYx0m8fNvbxM,1,36,0,0,1,25-34,1,2,5,,,,,,,,,,,,,,,,,,,,,,1,,0,,,,,,,,,,,,,,,,,,,,,,,0,,,,,,,,,18-34
R_1Xccg6fxXHRplBi,1,9,0,0,1,25-34,3,,,,,,,,,,,,,,,,,,,,,,,,0.800000011920929,,0,,,,,,,,,,,,,,,,,,,,,,,0,,,,,,,,,18-34
R_3QH12CjdW0KlwR3,1,22,0,0,2,18-24,,,,,,,,,,,,,,,,,,,,,,,,,1,,0,,,,,,,,,,,,,,,,,,,,,,,0,,,,,,,,,18-34
R_7nAxsSn2JtuWpHj,1,500,0,1,1,35-44,1,2,3,1,3,5,7,5,5,5,2,5,5,4,4,5,7,"1,3,6",4,3,,,1,2,0.800000011920929,,1,,,,4,4,5,5,6,6,,,,4,5,5,4,5,6,influencer_meat_expert_oil,ftft,influencer,expert,1,4.8,5,,4.66666666666667,4.66666666666667,5,,5,35-54
R_60jWeJ6NRslNhGa,1,20,0,0,1,25-34,1,1,,,,,,,,,,,,,,,,,,,,,,,1,,0,,,,,,,,,,,,,,,,,,,,,,,0,,,,,,,,,18-34
R_6M9adcsa3vY6DPb,1,29,0,0,2,18-24,,,,,,,,,,,,,,,,,,,,,,,,,0.800000011920929,,0,,,,,,,,,,,,,,,,,,,,,,,0,,,,,,,,,18-34
R_6nUYk4H0WvWTXTe,1,17,0,0,2,25-34,2,,,,,,,,,,,,,,,,,,,,,,,,0.899999976158142,,0,,,,,,,,,,,,,,,,,,,,,,,0,,,,,,,,,18-34
R_1tigTzyqdV6SKjK,1,48,0,0,2,Under18,1,1,,,,,,,,,,,,,,,,,,,,,,,1,,0,,,,,,,,,,,,,,,,,,,,,,,0,,,,,,,,,55+
R_1TN4RSFRanE5nzj,1,23,0,0,1,25-34,1,1,,,,,,,,,,,,,,,,,,,,,,,0.800000011920929,,0,,,,,,,,,,,,,,,,,,,,,,,0,,,,,,,,,18-34
R_5feXQftIuVikGOV,1,10,0,0,2,18-24,,,,,,,,,,,,,,,,,,,,,,,,,1,,0,,,,,,,,,,,,,,,,,,,,,,,0,,,,,,,,,18-34
R_1TFeAdc1lCssLJg,1,13,0,0,2,Under18,,,,,,,,,,,,,,,,,,,,,,,,,1,,0,,,,,,,,,,,,,,,,,,,,,,,0,,,,,,,,,55+
R_7YeUvKsYeKsNpmA,1,56,0,0,2,45-54,1,1,,,,,,,,,,,,,,,,,,,,,,,1,,0,,,,,,,,,,,,,,,,,,,,,,,0,,,,,,,,,35-54
R_51HBx29ohBQtQtn,1,60,0,0,2,25-34,5,,,,,,,,,,,,,,,,,,,,,,,,0.899999976158142,,0,,,,,,,,,,,,,,,,,,,,,,,0,,,,,,,,,18-34
R_6xVj6GiGkSqbPek,1,31,0,0,2,45-54,1,1,,,,,,,,,,,,,,,,,,,,,,,0.899999976158142,,0,,,,,,,,,,,,,,,,,,,,,,,0,,,,,,,,,35-54
R_7LdSQRyqX1sAybw,1,21,0,0,2,25-34,1,1,,,,,,,,,,,,,,,,,,,,,,,0.800000011920929,,0,,,,,,,,,,,,,,,,,,,,,,,0,,,,,,,,,18-34
R_3Lzpp0h2Gn53FcK,1,14,0,0,2,18-24,,,,,,,,,,,,,,,,,,,,,,,,,0.800000011920929,,0,,,,,,,,,,,,,,,,,,,,,,,0,,,,,,,,,18-34
R_3hcLabxx4219TZ1,1,27,0,0,1,Under18,1,1,,,,,,,,,,,,,,,,,,,,,,,1,,0,,,,,,,,,,,,,,,,,,,,,,,0,,,,,,,,,55+
R_77dhYJ8vPN9V9j5,1,36,0,0,2,25-34,2,,,,,,,,,,,,,,,,,,,,,,,,1,,0,,,,,,,,,,,,,,,,,,,,,,,0,,,,,,,,,18-34
R_6ksQHwGPwju5stY,1,33,0,0,2,35-44,3,,,,,,,,,,,,,,,,,,,,,,,,0.800000011920929,,0,,,,,,,,,,,,,,,,,,,,,,,0,,,,,,,,,35-54
R_5RNVTUG0wwDF81B,1,12,0,0,1,45-54,5,,,,,,,,,,,,,,,,,,,,,,,,1,,0,,,,,,,,,,,,,,,,,,,,,,,0,,,,,,,,,35-54
R_1GiM7myek2NIBPP,1,269,0,0,2,Under18,5,1,2,1,4,2,6,5,6,4,3,4,7,5,6,5,7,"1,2,3,4",4,3,1,1,,,1,,1,2,5,7,4,6,7,7,6,6,5,5,6,,,,,,,expert_meat_influencer_oil,ftft,expert,influencer,1,4.8,6,4.66666666666667,,4.66666666666667,,5.33333333333333,5.33333333333333,55+
R_3Dr2aDDpjx6cSy4,1,5,0,0,,,,,,,,,,,,,,,,,,,,,,,,,,,0.899999976158142,,0,,,,,,,,,,,,,,,,,,,,,,,0,,,,,,,,,55+
R_52HBVrbUl0iHNbr,1,199,0,1,1,18-24,1,1,2,1,3,4,6,7,2,5,7,1,5,3,2,4,6,1,4,4,,,1,1,0.800000011920929,,1,,,,5,7,6,7,4,6,,,,5,7,6,6,3,7,influencer_meat_expert_oil,ftft,influencer,expert,0,5.4,4,,6,6,5.33333333333333,,5.33333333333333,18-34
R_7LBWDm8MEOAjoMy,1,383,0,0,2,25-34,1,1,2,1,3,3,4,5,6,4,4,4,7,7,5,6,6,"1,2",4,3,1,1,,,0.899999976158142,,1,4,4,4,4,4,4,7,7,7,4,4,4,,,,,,,expert_meat_influencer_oil,ftft,expert,influencer,1,4.6,6.2,4,,4,,4,4,18-34
R_6hoTkWBYM437DTA,1,206,0,0,1,18-24,1,1,1,1,4,3,7,5,7,4,2,6,7,7,5,6,7,"1,2,3",4,3,,,1,1,0.800000011920929,,1,,,,3,2,4,5,7,5,,,,4,5,3,4,3,5,influencer_meat_expert_oil,tfft,influencer,expert,1,5,6.4,,4,4,4,,4,18-34
R_3alFR6o6XAluwLf,1,295,0,0,2,35-44,1,1,3,1,2,4,1,1,1,1,1,1,4,7,4,7,7,"1,3",4,3,1,1,,,0.899999976158142,,1,4,4,4,4,4,4,4,4,4,4,4,4,,,,,,,expert_meat_influencer_oil,tfft,expert,influencer,1,1,5.8,4,,4,,4,4,35-54
R_306PihGZcPHHtbS,1,263,0,2,1,25-34,1,1,5,1,2,4,5,5,5,5,4,4,5,4,5,5,4,"1,2",4,3,,,5,6,1,,1,,,,4,4,5,4,4,5,,,,4,4,5,4,4,5,influencer_meat_expert_oil,ftft,influencer,expert,1,4.8,4.6,,4.33333333333333,4.33333333333333,4.33333333333333,,4.33333333333333,18-34
R_3thXbAf78Ly23Yc,1,383,0,0,2,18-24,1,1,2,1,4,1,7,7,7,7,6,7,6,6,6,7,7,"1,2",4,3,,,1,1,0.800000011920929,,1,,,,7,7,7,7,7,7,,,,5,7,6,7,7,7,influencer_meat_expert_oil,tfft,influencer,expert,1,6.8,6.4,,6,6,7,,7,18-34
R_5TYI3N3Q9MhxRUE,1,582,0,2,1,45-54,1,1,5,1,3,6,4,5,6,5,4,5,7,6,7,6,6,"1,2,3,4,6",4,3,2,2,,,0.899999976158142,,1,4,4,5,4,4,4,5,4,5,5,4,5,,,,,,,expert_meat_influencer_oil,ftft,expert,influencer,0,4.8,6.4,4.33333333333333,,4.33333333333333,,4.66666666666667,4.66666666666667,35-54
R_6gzKY0dBv85l7Un,1,424,0,1,1,35-44,1,1,5,1,3,7,7,7,7,7,7,7,7,6,7,6,7,"3,4,5",4,3,1,4,,,1,,1,7,6,6,7,5,5,7,6,6,7,7,6,,,,,,,expert_meat_influencer_oil,tfft,expert,influencer,0,7,6.6,6.33333333333333,,6.33333333333333,,6.66666666666667,6.66666666666667,35-54
R_3e5p8ynZ3wle2Zg,1,610,0,3,2,18-24,1,1,2,1,4,3,6,6,5,7,7,7,5,7,6,6,6,"1,4,6",4,5,,,4,2,1,,1,,,,7,7,7,7,7,7,,,,7,7,7,7,7,7,influencer_meat_expert_oil,tfft,influencer,expert,0,6.2,6,,7,7,7,,7,18-34
R_1qg92AKUbXmJahK,1,1043,0,0,2,18-24,1,1,3,1,3,2,4,5,6,5,1,6,4,3,3,3,3,6,4,3,1,1,,,0.800000011920929,,1,1,1,1,1,1,1,5,4,4,1,1,1,,,,,,,expert_meat_influencer_oil,ftft,expert,influencer,1,4.2,3.2,1,,1,,1,1,18-34
R_50qJvdGPhPNAOE4,1,745,0,1,1,25-34,1,1,5,1,4,6,7,7,7,5,1,5,6,6,6,6,6,"1,2,6",4,3,,,1,6,1,,1,,,,6,5,6,6,5,6,,,,6,6,6,5,5,4,influencer_meat_expert_oil,ftft,influencer,expert,1,5.4,6,,6,6,4.66666666666667,,4.66666666666667,18-34
R_7hbBflrJRvN7cjp,1,801,0,0,2,18-24,1,1,4,1,1,3,7,6,7,6,5,6,6,7,7,6,5,"2,6,5",4,3,1,1,,,1,,1,2,3,3,6,7,4,5,5,7,4,5,4,,,,,,,expert_meat_influencer_oil,ftft,expert,influencer,1,6.2,6.2,2.66666666666667,,2.66666666666667,,4.33333333333333,4.33333333333333,18-34
R_3EFWjt53ghNBlpX,1,1027,0,0,1,25-34,1,1,5,1,4,4,6,7,6,7,2,5,6,6,6,6,6,"1,3,6",4,3,,,1,1,1,,1,,,,4,4,4,5,4,4,,,,6,6,6,7,6,7,influencer_meat_expert_oil,ftft,influencer,expert,1,5.6,6,,6,6,6.66666666666667,,6.66666666666667,18-34
R_50U82s4KQyCqP8j,1,1231,0,2,1,25-34,1,1,5,1,3,4,6,5,6,6,4,6,4,7,4,7,6,"3,4",4,3,,,2,2,1,,1,,,,6,6,6,6,7,7,,,,7,7,7,7,7,7,influencer_meat_expert_oil,tfft,influencer,expert,1,5.4,5.6,,7,7,7,,7,18-34
R_1Umk5IFSMFAWxIl,1,507,0,0,2,Under18,,1,1,1,3,3,5,4,5,4,4,7,4,3,5,4,3,"3,4,6",4,3,1,1,,,0.800000011920929,,1,4,5,6,6,5,5,4,6,3,4,4,5,,,,,,,expert_meat_influencer_oil,tfft,expert,influencer,1,4.4,3.8,5,,5,,4.33333333333333,4.33333333333333,55+
R_19naJRBKUFBKcPM,1,14,0,0,2,35-44,3,,,,,,,,,,,,,,,,,,,,,,,,0.899999976158142,,0,,,,,,,,,,,,,,,,,,,,,,,0,,,,,,,,,35-54
R_7CRfjt8igBQaTqp,1,2313,0,1,2,35-44,1,1,2,1,3,4,4,4,5,5,3,4,4,4,4,4,4,1,4,3,1,3,,,0.899999976158142,,1,4,4,4,4,4,4,4,4,4,5,5,6,,,,,,,expert_meat_influencer_oil,tfft,expert,influencer,0,4.2,4,4,,4,,5.33333333333333,5.33333333333333,35-54
R_1qV8YaOQUxiiSPh,1,292,0,0,2,25-34,5,1,3,1,3,6,5,6,7,5,3,5,7,7,5,5,5,"1,3",4,3,1,1,,,0.800000011920929,,1,1,1,1,6,7,6,7,6,6,6,4,4,,,,,,,expert_meat_influencer_oil,tfft,expert,influencer,1,5.2,5.8,1,,1,,4.66666666666667,4.66666666666667,18-34
R_1Zu6fhFRDZKzbZT,1,175,0,3,2,35-44,,1,2,1,1,4,3,1,3,3,3,2,4,3,5,4,4,4,5,6,1,2,,,0.800000011920929,,1,2,4,3,2,4,5,7,2,5,2,3,3,,,,,,,expert_meat_influencer_oil,ftft,expert,influencer,0,2.6,4,3,,3,,2.66666666666667,2.66666666666667,35-54
R_1NzdrApaNnykJc6,1,34,0,0,2,18-24,3,,,,,,,,,,,,,,,,,,,,,,,,0.800000011920929,,0,,,,,,,,,,,,,,,,,,,,,,,0,,,,,,,,,18-34
R_6Xhpg9RrcYDmwyl,1,13,0,0,,,,,,,,,,,,,,,,,,,,,,,,,,,1,,0,,,,,,,,,,,,,,,,,,,,,,,0,,,,,,,,,55+
R_7klr0iepvKDHOlr,1,11,0,0,1,25-34,,,,,,,,,,,,,,,,,,,,,,,,,1,,0,,,,,,,,,,,,,,,,,,,,,,,0,,,,,,,,,18-34
R_72Y0jEDtEdMaT8R,1,67,0,0,1,25-34,1,2,5,,,,,,,,,,,,,,,,,,,,,,1,,0,,,,,,,,,,,,,,,,,,,,,,,0,,,,,,,,,18-34
R_3MLDgoVG4imxW2l,1,6,0,0,,,,,,,,,,,,,,,,,,,,,,,,,,,0.800000011920929,,0,,,,,,,,,,,,,,,,,,,,,,,0,,,,,,,,,55+
R_326jQhvThCwBkKK,1,8,0,0,,,,,,,,,,,,,,,,,,,,,,,,,,,1,,0,,,,,,,,,,,,,,,,,,,,,,,0,,,,,,,,,55+
R_1jthtIRWqmNbewx,1,16,0,0,2,25-34,1,2,5,,,,,,,,,,,,,,,,,,,,,,0.899999976158142,,0,,,,,,,,,,,,,,,,,,,,,,,0,,,,,,,,,18-34
R_3nIUnGcC6KyhwjV,1,20,0,0,1,35-44,1,2,5,,,,,,,,,,,,,,,,,,,,,,1,,0,,,,,,,,,,,,,,,,,,,,,,,0,,,,,,,,,35-54
R_3BzFDO2Gfv96t0V,1,17,0,0,2,25-34,2,2,5,,,,,,,,,,,,,,,,,,,,,,1,,0,,,,,,,,,,,,,,,,,,,,,,,0,,,,,,,,,18-34
R_716xosMyyFFVDpQ,1,73,0,0,2,25-34,4,2,1,77,2,,,,,,,,,,,,,,,,,,,,0.800000011920929,,0,,,,,,,,,,,,,,,,,,,,,,,0,,,,,,,,,18-34
R_6GUmPLTAZGr8kAq,1,18,0,0,1,Under18,2,1,,,,,,,,,,,,,,,,,,,,,,,0.899999976158142,,0,,,,,,,,,,,,,,,,,,,,,,,0,,,,,,,,,55+
R_6wnkOr9bibv2uKI,1,15,0,0,1,25-34,2,2,5,,,,,,,,,,,,,,,,,,,,,,0.899999976158142,,0,,,,,,,,,,,,,,,,,,,,,,,0,,,,,,,,,18-34
R_3F6z5gJR5RGD1Jv,1,14,0,0,2,18-24,5,,,,,,,,,,,,,,,,,,,,,,,,1,,0,,,,,,,,,,,,,,,,,,,,,,,0,,,,,,,,,18-34
R_7O23Our5773MIAp,1,164,0,2,1,25-34,2,2,3,1,3,3,6,4,5,3,6,6,6,5,6,6,4,"3,4",4,3,,,4,2,0.899999976158142,,1,,,,5,5,7,5,6,6,,,,3,5,3,5,4,5,influencer_meat_expert_oil,ftft,influencer,expert,1,4.8,5.4,,3.66666666666667,3.66666666666667,4.66666666666667,,4.66666666666667,18-34
R_3ctODgV0SLkVe2p,1,175,0,1,1,Under18,1,2,3,1,4,7,7,7,6,6,6,6,6,5,6,6,5,"2,3,5",4,3,,,2,1,0.899999976158142,,1,,,,6,6,5,6,5,5,,,,7,6,6,6,4,5,influencer_meat_expert_oil,ftft,influencer,expert,1,6.4,5.6,,6.33333333333333,6.33333333333333,5,,5,55+
R_6q4Ra734PxOFJcY,1,273,0,0,1,25-34,1,2,3,1,3,3,5,4,7,4,1,6,6,5,4,4,4,"1,3,5",4,3,,,1,1,0.899999976158142,,1,,,,4,4,4,4,4,4,,,,4,4,4,7,7,7,influencer_meat_expert_oil,tfft,influencer,expert,1,4.2,4.6,,4,4,7,,7,18-34
R_1LM8gTYF3rYsEzQ,1,261,0,0,2,45-54,1,2,2,1,3,4,5,7,7,4,1,5,7,5,7,6,7,"1,3,6",4,3,,,1,1,0.899999976158142,,1,,,,6,6,6,7,7,7,,,,4,6,6,4,7,5,influencer_meat_expert_oil,tfft,influencer,expert,1,4.8,6.4,,5.33333333333333,5.33333333333333,5.33333333333333,,5.33333333333333,35-54
R_6HRD3xLFmP1kMUy,1,47,0,0,2,25-34,2,2,5,,,,,,,,,,,,,,,,,,,,,,1,,0,,,,,,,,,,,,,,,,,,,,,,,0,,,,,,,,,18-34
R_58Y9a90YqEdOqFp,1,276,0,1,1,45-54,1,2,3,1,3,6,6,6,6,3,4,5,6,7,6,6,5,"1,6,5",4,3,4,1,,,1,,1,7,6,7,6,6,7,6,6,6,5,6,7,,,,,,,expert_meat_influencer_oil,ftft,expert,influencer,0,5,6,6.66666666666667,,6.66666666666667,,6,6,35-54
R_3EyDIOEoCT85RYC,1,207,0,1,1,25-34,2,2,3,1,3,4,7,6,6,4,6,7,7,7,6,7,6,"1,3,4,6",4,3,3,1,,,1,,1,6,7,7,5,6,5,6,7,6,7,5,6,,,,,,,expert_meat_influencer_oil,tfft,expert,influencer,0,5.8,6.6,6.66666666666667,,6.66666666666667,,6,6,18-34
R_3WZFbiDUZFxhSYD,1,246,0,0,1,18-24,1,2,2,1,1,4,5,6,6,4,4,6,2,5,3,6,5,1,4,3,1,1,,,1,,1,2,2,1,4,4,5,6,6,6,5,5,6,,,,,,,expert_meat_influencer_oil,ftft,expert,influencer,1,5,4.2,1.66666666666667,,1.66666666666667,,5.33333333333333,5.33333333333333,18-34
R_3CPCKAErvwLuHNa,1,230,0,3,2,25-34,1,2,3,1,3,1,7,7,7,7,7,7,7,7,7,7,7,4,4,7,,,5,6,1,,1,,,,7,7,7,7,7,7,,,,7,7,7,7,7,7,influencer_meat_expert_oil,ftft,influencer,expert,0,7,7,,7,7,7,,7,18-34
R_3LApdhMklQIXm0e,1,206,0,1,2,35-44,2,2,3,1,3,4,6,6,6,7,4,5,6,6,6,7,7,1,4,3,1,2,,,0.800000011920929,,1,4,4,4,7,7,7,7,6,7,6,7,7,,,,,,,expert_meat_influencer_oil,tfft,expert,influencer,0,5.8,6.4,4,,4,,6.66666666666667,6.66666666666667,35-54
R_1r9eW4eypdC76Ru,1,274,0,0,1,25-34,1,2,3,1,4,4,6,5,5,5,4,4,4,5,3,5,5,1,4,3,1,1,,,1,,1,4,3,3,4,2,5,5,5,5,3,3,3,,,,,,,expert_meat_influencer_oil,ftft,expert,influencer,1,5,4.4,3.33333333333333,,3.33333333333333,,3,3,18-34
R_3HCFpK4OPbIa3zA,1,262,0,3,2,18-24,2,2,3,1,3,4,3,4,5,5,4,4,4,4,4,4,4,1,4,4,,,3,2,0.800000011920929,,1,,,,4,4,4,5,5,5,,,,4,4,4,4,4,4,influencer_meat_expert_oil,tfft,influencer,expert,0,4.2,4,,4,4,4,,4,18-34
R_3ptW7fVGWNuuRWw,1,314,0,0,1,25-34,1,2,1,1,1,4,4,4,7,7,2,7,6,4,4,5,4,1,4,3,,,1,1,0.899999976158142,,1,,,,4,4,4,4,4,5,,,,1,1,1,4,4,4,influencer_meat_expert_oil,tfft,influencer,expert,1,4.8,4.6,,1,1,4,,4,18-34
R_5pyBolI7uxa4PUF,1,298,0,1,1,25-34,1,2,2,1,1,4,5,5,6,5,5,5,7,7,7,7,7,"1,3",4,3,,,1,3,0.800000011920929,,1,,,,7,7,7,7,7,7,,,,5,6,5,4,4,4,influencer_meat_expert_oil,ftft,influencer,expert,1,5.2,7,,5.33333333333333,5.33333333333333,4,,4,18-34
R_1k6DMl6YZaz4wJr,1,376,0,0,2,25-34,1,2,4,1,4,7,7,6,6,5,3,6,7,7,7,7,7,6,4,3,,,1,1,1,,1,,,,7,7,7,7,7,7,,,,1,7,1,1,1,1,influencer_meat_expert_oil,tfft,influencer,expert,1,5.4,7,,3,3,1,,1,18-34
R_1rDJ58LX6P7tdtL,1,332,0,0,2,35-44,1,2,3,1,4,4,4,4,4,4,2,6,1,4,1,4,4,1,4,3,,,1,1,0.800000011920929,,1,,,,4,4,4,4,3,3,,,,4,3,3,4,4,5,influencer_meat_expert_oil,tfft,influencer,expert,1,3.6,2.8,,3.33333333333333,3.33333333333333,4.33333333333333,,4.33333333333333,35-54
R_1wHLmJabOoQ13Ju,1,326,0,0,1,18-24,1,2,3,1,3,4,6,6,5,4,4,6,5,5,5,6,5,"4,6",4,3,1,1,,,0.800000011920929,,1,3,3,4,5,5,5,6,4,6,2,3,3,,,,,,,expert_meat_influencer_oil,ftft,expert,influencer,1,5,5.2,3.33333333333333,,3.33333333333333,,2.66666666666667,2.66666666666667,18-34
R_30ZaMFCItITLS56,1,4259,0,0,2,18-24,1,1,,,,,,,,,,,,,,,,,,,,,,,1,,0,,,,,,,,,,,,,,,,,,,,,,,0,,,,,,,,,18-34
R_18M5MUx7j4bcxK4,1,388,0,0,1,18-24,1,2,2,1,3,6,7,6,7,6,7,7,5,7,7,6,4,"1,2,6,5",4,3,1,1,,,0.899999976158142,,1,4,7,5,5,7,7,4,1,5,4,6,5,,,,,,,expert_meat_influencer_oil,tfft,expert,influencer,1,6.6,5.8,5.33333333333333,,5.33333333333333,,5,5,18-34
R_1QaM000RfAS2Thc,1,352,0,0,1,18-24,1,2,2,1,1,6,5,6,7,4,7,7,7,6,5,7,6,"1,3,6",4,3,1,1,,,0.800000011920929,,1,7,7,7,7,7,7,7,7,7,5,7,6,,,,,,,expert_meat_influencer_oil,tfft,expert,influencer,1,5.8,6.2,7,,7,,6,6,18-34
R_5R89nhI92nS84LP,1,319,0,0,2,18-24,2,2,2,1,2,4,1,1,1,3,7,1,7,7,7,7,7,"1,2",4,3,1,1,,,1,,1,7,7,7,4,4,4,7,7,7,7,7,7,,,,,,,expert_meat_influencer_oil,ftft,expert,influencer,1,2.6,7,7,,7,,7,7,18-34
R_3YnMHxzOph6BaRX,1,410,0,0,1,35-44,1,2,2,1,4,4,5,6,6,6,5,6,5,6,6,6,6,"1,4",4,3,1,1,,,1,,1,6,6,6,6,6,6,6,5,6,5,6,5,,,,,,,expert_meat_influencer_oil,ftft,expert,influencer,1,5.6,5.8,6,,6,,5.33333333333333,5.33333333333333,35-54
R_5shOl0ULtGS2fnd,1,495,0,0,2,45-54,1,2,2,1,3,5,6,7,5,7,2,7,6,5,5,3,6,"1,5",4,3,1,1,,,1,,1,6,7,6,7,7,7,7,6,7,6,7,7,,,,,,,expert_meat_influencer_oil,tfft,expert,influencer,1,5.4,5,6.33333333333333,,6.33333333333333,,6.66666666666667,6.66666666666667,35-54
R_3J78SJ9MJIMptxD,1,432,0,0,2,25-34,1,2,2,1,3,6,7,7,4,5,3,7,5,4,3,5,5,"1,3,4",4,3,1,1,,,0.899999976158142,,1,4,2,2,6,5,5,6,6,6,5,5,5,,,,,,,expert_meat_influencer_oil,tfft,expert,influencer,1,5.2,4.4,2.66666666666667,,2.66666666666667,,5,5,18-34
R_7icUonwWo8DlHl7,1,494,0,0,1,45-54,1,2,3,1,3,1,6,6,6,3,4,7,5,6,5,6,6,"3,6",4,3,,,1,1,1,,1,,,,6,7,7,7,6,7,,,,4,6,3,3,4,3,influencer_meat_expert_oil,ftft,influencer,expert,1,5,5.6,,4.33333333333333,4.33333333333333,3.33333333333333,,3.33333333333333,35-54
R_1M408LLwe92HNrr,1,429,0,1,2,25-34,1,2,3,1,1,5,5,6,4,7,2,7,6,6,5,6,6,4,4,3,,,1,2,0.899999976158142,,1,,,,4,3,5,4,4,3,,,,5,5,5,4,4,4,influencer_meat_expert_oil,ftft,influencer,expert,1,4.8,5.8,,5,5,4,,4,18-34
R_3zo2JrGK0R67hpA,1,472,0,1,1,25-34,2,2,6,1,3,7,6,3,5,2,4,6,7,6,5,6,5,"1,2,4",4,3,,,3,1,1,,1,,,,5,6,7,6,5,7,,,,6,5,7,5,6,7,influencer_meat_expert_oil,tfft,influencer,expert,1,4,5.8,,6,6,6,,6,18-34
R_7kLKphvRDRB1JJ0,1,295,0,0,1,35-44,4,2,6,1,1,3,5,6,5,4,5,6,5,5,5,6,6,"1,3,6,5",4,3,,,1,1,1,,1,,,,3,2,3,6,5,5,,,,4,4,4,6,6,6,influencer_meat_expert_oil,tfft,influencer,expert,1,5,5.4,,4,4,6,,6,35-54
R_7xXhOcfevKq35b2,1,554,0,1,1,35-44,1,2,3,1,3,5,6,5,7,5,3,4,5,5,3,6,6,"3,6,5",4,5,1,1,,,1,,1,5,2,3,6,5,6,7,3,6,5,2,6,,,,,,,expert_meat_influencer_oil,ftft,expert,influencer,0,5.2,5,3.33333333333333,,3.33333333333333,,4.33333333333333,4.33333333333333,35-54
R_71XATpplcsuJ6cz,1,544,0,0,2,35-44,2,2,3,1,3,4,5,5,5,3,3,5,4,3,5,5,5,"3,4",4,3,,,1,1,1,,1,,,,3,3,3,3,3,3,,,,4,4,4,5,5,5,influencer_meat_expert_oil,tfft,influencer,expert,1,4.2,4.4,,4,4,5,,5,35-54
R_3uUPlaglw5XjkhZ,1,481,0,0,2,55-64,4,2,4,1,4,4,5,5,5,4,4,5,4,4,3,4,5,3,4,3,1,1,,,0.899999976158142,,1,5,5,5,5,5,5,5,5,5,5,5,5,,,,,,,expert_meat_influencer_oil,tfft,expert,influencer,1,4.6,4,5,,5,,5,5,55+
R_1NQGshATHWApFsX,1,630,0,0,2,25-34,1,2,1,1,1,4,5,4,4,4,2,2,2,4,2,3,2,"1,2",4,3,1,1,,,1,,1,1,1,3,5,5,5,5,5,5,4,4,5,,,,,,,expert_meat_influencer_oil,tfft,expert,influencer,1,3.8,2.6,1.66666666666667,,1.66666666666667,,4.33333333333333,4.33333333333333,18-34
R_3Io35tHFlqgFWSc,1,781,0,2,1,Under18,4,2,2,1,4,3,6,6,6,5,6,6,5,5,5,6,5,"1,2,4,6,5",4,3,,,2,2,1,,1,,,,6,5,6,7,6,6,,,,6,6,6,6,6,6,influencer_meat_expert_oil,ftft,influencer,expert,1,5.8,5.2,,6,6,6,,6,55+
R_7D6uZ9wipHt7T1p,1,919,0,0,2,45-54,1,2,4,1,3,5,5,6,6,5,3,5,5,6,6,3,5,"1,3,6",4,3,1,1,,,0.800000011920929,,1,5,5,5,6,5,5,6,6,6,5,4,5,,,,,,,expert_meat_influencer_oil,ftft,expert,influencer,1,5,5,5,,5,,4.66666666666667,4.66666666666667,35-54
R_1MzI44CtxgPCs5b,1,798,0,2,1,25-34,1,2,3,1,4,4,5,4,5,4,5,6,4,4,6,4,4,"1,3,4,6",4,5,,,4,1,0.400000005960465,,1,,,,4,4,4,4,4,4,,,,5,4,4,5,4,4,influencer_meat_expert_oil,ftft,influencer,expert,0,4.6,4.4,,4.33333333333333,4.33333333333333,4.33333333333333,,4.33333333333333,18-34
R_3MG8nRCfrCHE2CA,1,17,0,0,1,35-44,4,2,5,,,,,,,,,,,,,,,,,,,,,,0.899999976158142,,0,,,,,,,,,,,,,,,,,,,,,,,0,,,,,,,,,35-54
R_6GuPP4Ib1t3KfyV,1,35,0,0,2,18-24,1,1,,,,,,,,,,,,,,,,,,,,,,,0.800000011920929,,0,,,,,,,,,,,,,,,,,,,,,,,0,,,,,,,,,18-34
R_6NrWGUrRKiroEIL,1,40,0,0,2,18-24,1,2,2,86,3,,,,,,,,,,,,,,,,,,,,1,,0,,,,,,,,,,,,,,,,,,,,,,,0,,,,,,,,,18-34
R_7m7tHa1MOlo5UYb,1,7,0,0,,,,,,,,,,,,,,,,,,,,,,,,,,,0.800000011920929,,0,,,,,,,,,,,,,,,,,,,,,,,0,,,,,,,,,55+
R_7UV5qoMV3S6ct2x,1,29,0,0,1,35-44,4,2,5,,,,,,,,,,,,,,,,,,,,,,1,,0,,,,,,,,,,,,,,,,,,,,,,,0,,,,,,,,,35-54
R_7qeg861uQEiaPl1,1,106,0,0,1,25-34,1,2,5,,,,,,,,,,,,,,,,,,,,,,0.400000005960465,,0,,,,,,,,,,,,,,,,,,,,,,,0,,,,,,,,,18-34
R_14pEOVNt76UI2YF,1,256,0,1,1,Under18,1,2,3,1,4,4,6,6,5,5,6,5,5,7,6,6,6,"1,2,3,4",4,3,1,3,,,0.800000011920929,,1,4,4,3,6,6,5,5,6,5,5,6,5,,,,,,,expert_meat_influencer_oil,ftft,expert,influencer,0,5.6,6,3.66666666666667,,3.66666666666667,,5.33333333333333,5.33333333333333,55+
R_1nwR3xujLYFi7E5,1,12,0,0,,,,,,,,,,,,,,,,,,,,,,,,,,,0.899999976158142,,0,,,,,,,,,,,,,,,,,,,,,,,0,,,,,,,,,55+
R_5wu3aNF0OVubduN,1,159,0,2,1,25-34,1,2,4,1,2,3,5,7,6,7,6,5,7,5,6,6,7,"2,3,6",4,3,4,2,,,0.899999976158142,,1,6,5,4,3,1,5,2,4,6,6,4,5,,,,,,,expert_meat_influencer_oil,tfft,expert,influencer,0,6.2,6.2,5,,5,,5,5,18-34
R_7x3GnL6G4HbuTKN,1,255,0,1,1,25-34,4,2,1,1,1,4,4,4,4,4,4,4,4,4,4,4,4,4,4,3,,,4,1,0.899999976158142,,1,,,,4,3,4,4,5,5,,,,4,5,5,5,5,5,influencer_meat_expert_oil,ftft,influencer,expert,1,4,4,,4.66666666666667,4.66666666666667,5,,5,18-34
R_7exgioO6B9dFyU4,1,21,0,0,1,25-34,1,2,5,,,,,,,,,,,,,,,,,,,,,,1,,0,,,,,,,,,,,,,,,,,,,,,,,0,,,,,,,,,18-34
R_7f7TWxzT9PKnrCE,1,307,0,2,1,25-34,2,2,3,1,3,4,2,5,4,2,3,4,4,4,5,5,6,1,4,4,,,3,1,0.899999976158142,,1,,,,4,4,7,7,4,6,,,,4,5,5,4,4,3,influencer_meat_expert_oil,tfft,influencer,expert,0,3.2,4.8,,4.66666666666667,4.66666666666667,3.66666666666667,,3.66666666666667,18-34
R_7Jy3sUtt3MflrPY,1,354,0,0,1,25-34,1,2,6,1,4,4,5,6,6,5,1,6,6,6,4,7,6,6,4,3,1,1,,,0.800000011920929,,1,5,5,4,6,6,6,6,6,6,6,6,5,,,,,,,expert_meat_influencer_oil,tfft,expert,influencer,1,4.6,5.8,4.66666666666667,,4.66666666666667,,5.66666666666667,5.66666666666667,18-34
R_54Gh0neU9fdRvNQ,1,12,0,0,1,Under18,,,,,,,,,,,,,,,,,,,,,,,,,1,,0,,,,,,,,,,,,,,,,,,,,,,,0,,,,,,,,,55+
R_5PTMjtoU7awVuCJ,1,259,0,3,1,35-44,2,2,1,1,1,6,4,4,4,4,4,4,4,4,4,4,4,8,4,4,5,5,,,0.400000005960465,,1,4,4,4,1,1,1,4,4,4,1,1,1,,,,,,,expert_meat_influencer_oil,ftft,expert,influencer,0,4,4,4,,4,,1,1,35-54
R_5iX1iUJSaRTHCkP,1,390,0,0,1,25-34,1,2,1,1,1,7,5,4,5,4,4,5,6,6,5,5,6,6,4,3,,,1,1,0.800000011920929,,1,,,,6,6,6,6,6,6,,,,7,7,7,7,7,7,influencer_meat_expert_oil,ftft,influencer,expert,1,4.4,5.6,,7,7,7,,7,18-34
R_54EB16lCuvfKvAZ,1,260,0,1,1,35-44,1,2,6,1,4,7,7,7,7,7,7,7,7,7,7,7,7,"1,3,4,6,5",4,3,,,1,4,0.899999976158142,,1,,,,7,7,7,7,7,7,,,,7,7,6,7,7,7,influencer_meat_expert_oil,tfft,influencer,expert,1,7,7,,6.66666666666667,6.66666666666667,7,,7,35-54
R_3DV3djEjHIVqsy3,1,104,0,0,1,25-34,1,2,5,,,,,,,,,,,,,,,,,,,,,,0.899999976158142,,0,,,,,,,,,,,,,,,,,,,,,,,0,,,,,,,,,18-34
R_30CvGfM3zUU4R79,1,3884,0,2,2,25-34,2,2,2,1,3,4,5,4,4,4,4,4,4,4,4,4,4,2,4,2,,,5,1,0.899999976158142,,1,,,,4,4,4,4,4,4,,,,4,4,4,4,4,4,influencer_meat_expert_oil,ftft,influencer,expert,0,4.2,4,,4,4,4,,4,18-34
R_512OUxuSFvS463v,1,35,0,0,1,35-44,1,2,5,,,,,,,,,,,,,,,,,,,,,,1,,0,,,,,,,,,,,,,,,,,,,,,,,0,,,,,,,,,35-54
R_1YDRIHlPLhkc2ba,1,459,0,1,1,Under18,2,2,2,1,1,1,7,7,7,4,4,7,6,7,7,6,6,"1,3,4",4,3,1,4,,,0.800000011920929,,1,7,6,7,7,4,7,7,4,7,4,5,6,,,,,,,expert_meat_influencer_oil,tfft,expert,influencer,0,5.8,6.4,6.66666666666667,,6.66666666666667,,5,5,55+
R_7WOtzorkS6OwRFy,1,496,0,3,1,Under18,2,2,6,1,4,7,4,4,4,4,4,4,3,4,3,4,4,4,4,4,,,2,3,0.800000011920929,,1,,,,3,5,2,7,2,4,,,,2,3,2,3,2,1,influencer_meat_expert_oil,tfft,influencer,expert,0,4,3.6,,2.33333333333333,2.33333333333333,2,,2,55+
R_5ZnMpXI59MIXMtz,1,215,0,0,2,18-24,5,1,2,1,3,6,6,6,7,4,4,7,5,4,4,6,5,"3,4,6",4,3,1,1,,,0.800000011920929,,1,7,6,7,6,7,6,7,7,6,7,7,6,,,,,,,expert_meat_influencer_oil,tfft,expert,influencer,1,5.4,4.8,6.66666666666667,,6.66666666666667,,6.66666666666667,6.66666666666667,18-34
R_6CBFwQaTGk83wSl,1,104,0,0,1,55-64,5,1,2,1,3,,,,5,4,5,6,,,,,,,,,,,,,0.800000011920929,,0,,,,,,,,,,,,,,,,,,,,,,,0,4.66666666666667,,,,,,,,55+
R_7CHdh9TzIs1h3Pw,1,10,0,0,2,18-24,3,,,,,,,,,,,,,,,,,,,,,,,,1,,0,,,,,,,,,,,,,,,,,,,,,,,0,,,,,,,,,18-34
R_3nZHFDX1tPDemEF,1,182,0,1,2,Under18,,1,5,1,1,4,5,5,3,4,3,6,5,5,4,4,6,"1,3",4,3,,,1,2,0.899999976158142,,1,,,,5,7,3,5,6,4,,,,3,3,3,5,7,4,influencer_meat_expert_oil,ftft,influencer,expert,1,4,4.8,,3,3,5.33333333333333,,5.33333333333333,55+
R_6V1S5hlNfJ05IPW,1,381,0,0,1,25-34,1,1,2,1,4,4,6,7,6,6,5,7,3,6,2,2,3,3,4,3,1,1,,,0.200000002980232,,1,7,7,6,7,7,7,6,7,7,6,6,5,,,,,,,expert_meat_influencer_oil,ftft,expert,influencer,0,6,3.2,6.66666666666667,,6.66666666666667,,5.66666666666667,5.66666666666667,18-34
R_38aDaK8JuzVLM4x,1,317,0,0,2,35-44,1,1,3,1,4,4,5,5,6,6,2,5,4,5,4,4,4,"1,3",4,3,1,1,,,0.699999988079071,,1,5,5,6,5,5,5,5,5,6,4,5,4,,,,,,,expert_meat_influencer_oil,ftft,expert,influencer,1,4.8,4.2,5.33333333333333,,5.33333333333333,,4.33333333333333,4.33333333333333,35-54
R_7du8hZjfg4wNPdD,1,177,0,3,2,25-34,2,1,2,1,2,4,1,2,1,2,4,3,3,4,1,1,2,"1,2,3,4",4,6,,,3,2,1,,1,,,,7,7,7,7,7,7,,,,7,7,7,7,4,7,influencer_meat_expert_oil,tfft,influencer,expert,0,2,2.2,,7,7,6,,6,18-34
R_5PMfvQw9FT9NvK9,1,296,0,1,1,18-24,2,2,2,1,2,4,4,4,4,4,4,4,4,4,4,4,4,"3,4",4,3,1,4,,,1,,1,4,4,4,4,4,4,4,4,4,4,4,4,,,,,,,expert_meat_influencer_oil,ftft,expert,influencer,0,4,4,4,,4,,4,4,18-34
R_329KIE8Ql0JOjQT,1,343,0,1,2,Under18,1,1,3,1,2,2,3,5,5,5,5,5,5,5,5,5,5,"2,3,4",4,3,,,3,1,0.699999988079071,,1,,,,3,5,3,3,5,3,,,,3,4,4,3,5,3,influencer_meat_expert_oil,tfft,influencer,expert,1,4.6,5,,3.66666666666667,3.66666666666667,3.66666666666667,,3.66666666666667,55+
R_6VyCFjSsHZq6RfO,1,348,0,0,1,25-34,2,1,3,1,4,5,4,6,5,7,1,7,3,6,5,5,5,"1,3,5",4,3,1,1,,,0.899999976158142,,1,3,1,1,5,6,6,5,6,4,6,7,6,,,,,,,expert_meat_influencer_oil,tfft,expert,influencer,1,4.6,4.8,1.66666666666667,,1.66666666666667,,6.33333333333333,6.33333333333333,18-34
R_62fmJEUlEn7XSmT,1,308,0,0,2,Under18,2,1,2,1,2,4,6,6,7,4,2,5,5,7,4,5,5,"1,3",4,3,,,1,1,0.800000011920929,,1,,,,3,4,5,4,6,7,,,,4,4,7,4,6,7,influencer_meat_expert_oil,tfft,influencer,expert,1,5,5.2,,5,5,5.66666666666667,,5.66666666666667,55+
R_6rCClkJ1oJpagBX,1,233,0,2,2,18-24,1,1,3,1,3,4,6,5,6,4,4,6,6,6,6,6,6,"1,3",4,3,,,4,4,0.800000011920929,,1,,,,5,6,5,7,7,7,,,,7,7,6,7,6,7,influencer_meat_expert_oil,ftft,influencer,expert,1,5,6,,6.66666666666667,6.66666666666667,6.66666666666667,,6.66666666666667,18-34
R_5BRTGKAU4vYJ6ON,1,344,0,0,2,45-54,1,1,3,1,4,4,6,7,7,7,5,6,6,6,5,5,6,4,4,3,1,1,,,0.800000011920929,,1,3,3,3,4,4,5,6,5,6,5,4,5,,,,,,,expert_meat_influencer_oil,ftft,expert,influencer,1,6.4,5.6,3,,3,,4.66666666666667,4.66666666666667,35-54
R_6PH9OZyOEp78UHT,1,189,0,0,1,25-34,1,1,3,1,4,,5,6,7,5,4,6,6,6,6,6,5,"1,2,6,5",4,,,,,,1,,0,,,,,,,,,,,,,,,,,,,,,,,0,5.4,5.8,,,,,,,18-34
R_7wmDGQRxg8XX0Hr,1,139,0,0,1,18-24,1,1,2,1,2,7,7,7,5,1,6,5,7,7,7,7,6,1,4,3,,,1,,0.800000011920929,,0,,,,6,6,7,,,,,,,7,7,6,,,,influencer_meat_expert_oil,tfft,influencer,expert,0,5.2,6.8,,6.66666666666667,6.66666666666667,,,,18-34
R_3KNGeZaUIC8I07t,1,117,0,0,2,Under18,2,1,3,1,2,,7,7,7,5,6,6,,,,6,,,4,,,,,,0.800000011920929,,0,,,,,,,,,,,,,,,,,,,,,,,0,6.4,6,,,,,,,55+
R_3rIfHUfETNBCudQ,1,135,0,0,2,Under18,1,1,2,1,3,4,6,6,6,4,5,7,5,5,3,4,5,"3,4",4,3,,,,,0.800000011920929,,0,,,,7,7,6,,,,,,,,,,,,,expert_meat_influencer_oil,ftft,expert,influencer,0,5.4,4.4,,,,,,,55+
R_1gFq951L6rkjfIA,1,215,0,0,2,18-24,1,1,5,1,1,1,6,6,6,6,6,6,7,6,6,6,6,"1,2,3",4,3,,,,,0.899999976158142,,0,,,,,,,,,,,,,,,,,,,expert_meat_influencer_oil,tfft,expert,influencer,0,6,6.2,,,,,,,18-34
R_6P0STfIZfBANTp6,1,203,0,1,2,25-34,2,1,5,1,3,2,6,5,6,5,6,6,5,5,6,5,5,"1,3,4",4,3,,,3,,0.899999976158142,,0,,,,,,,,,,,,,5,6,5,,,,influencer_meat_expert_oil,tfft,influencer,expert,0,5.6,5.2,,5.33333333333333,5.33333333333333,,,,18-34
R_71HSTUHoKGkfVYt,1,277,0,0,1,18-24,1,1,2,1,3,4,7,7,7,3,2,7,7,7,5,5,5,1,4,3,1,,,,0.5,,0,7,7,7,7,7,7,7,7,7,,,,,,,,,,expert_meat_influencer_oil,tfft,expert,influencer,0,5.2,5.8,7,,7,,,,18-34
R_6MmWvE9B2GYRTpH,1,223,0,0,2,45-54,1,1,3,1,3,,,6,7,,5,6,,,,,,,,,,,,,0.600000023841858,,0,,,,,,,,,,,,,,,,,,,,,,,0,6,,,,,,,,35-54
R_6342ftvOWMl7S4y,1,198,0,0,2,25-34,1,1,2,1,4,,4,,4,,4,,,,,,,,,,,,,,1,,0,,,,,,,,,,,,,,,,,,,,,,,0,4,,,,,,,,18-34
R_6Epcg5fq6oTd0OV,1,203,0,0,2,18-24,2,1,6,1,2,1,7,7,7,7,7,7,7,7,6,7,7,"1,2,3,4,6,5",4,3,,,,,1,,0,,,,,,,,,,,,,,,,,,,expert_meat_influencer_oil,tfft,expert,influencer,0,7,6.8,,,,,,,18-34
R_1lYkhCSzgGe4R7b,1,196,0,1,2,45-54,1,1,2,1,2,4,4,4,5,4,4,4,4,4,4,4,4,2,4,4,,,1,,0.800000011920929,,0,,,,4,4,4,,,,,,,4,4,4,,,,influencer_meat_expert_oil,ftft,influencer,expert,0,4.2,4,,4,4,,,,35-54
R_6kiBwszg2wgPqTO,1,193,0,0,1,18-24,4,1,3,1,4,4,6,6,6,6,6,6,6,6,6,5,5,"1,3,4",4,3,1,,,,0.800000011920929,,0,5,5,5,6,6,7,7,7,7,,,,,,,,,,expert_meat_influencer_oil,ftft,expert,influencer,0,6,5.6,5,,5,,,,18-34
R_17gtIj2HMiutCZK,1,347,0,0,1,18-24,1,1,4,1,3,,,6,6,6,6,5,,,,,,,,,,,,,0.899999976158142,,0,,,,,,,,,,,,,,,,,,,,,,,0,6,,,,,,,,18-34
R_5IRXnYrczg2uj8c,1,327,0,0,2,25-34,1,1,6,1,1,1,7,6,6,2,2,6,5,5,7,7,5,"1,3,4,6",4,3,,,1,,0.800000011920929,,0,,,,7,5,6,6,4,5,,,,3,1,2,,,,influencer_meat_expert_oil,ftft,influencer,expert,0,4.6,5.8,,2,2,,,,18-34
R_6Es1xW274fYSSB4,1,264,0,1,2,Under18,1,1,4,1,3,2,6,3,6,4,5,5,5,4,6,5,3,"4,6",4,6,,,,,0.800000011920929,,0,,,,5,6,4,,,,,,,,,,,,,influencer_meat_expert_oil,ftft,influencer,expert,0,4.8,4.6,,,,,,,55+
R_1cB1vuJmVGhPlNy,1,15,0,0,1,25-34,1,1,,,,,,,,,,,,,,,,,,,,,,,0.800000011920929,,0,,,,,,,,,,,,,,,,,,,,,,,0,,,,,,,,,18-34
R_7RTSRiZ0WgUMc8A,1,22,0,0,2,35-44,5,,,,,,,,,,,,,,,,,,,,,,,,1,,0,,,,,,,,,,,,,,,,,,,,,,,0,,,,,,,,,35-54
R_6fqgoJLmbBnfaWt,1,14,0,0,2,25-34,1,1,,,,,,,,,,,,,,,,,,,,,,,1,,0,,,,,,,,,,,,,,,,,,,,,,,0,,,,,,,,,18-34
R_1PAD1XKaXkOT6K9,1,25,0,0,2,18-24,,1,,,,,,,,,,,,,,,,,,,,,,,1,,0,,,,,,,,,,,,,,,,,,,,,,,0,,,,,,,,,18-34
R_5X4z9SIMJkniStj,1,17,0,0,2,25-34,4,1,,,,,,,,,,,,,,,,,,,,,,,0.5,,0,,,,,,,,,,,,,,,,,,,,,,,0,,,,,,,,,18-34
R_7DhiapZw8MqDZY9,1,28,0,0,2,35-44,1,1,,,,,,,,,,,,,,,,,,,,,,,0.800000011920929,,0,,,,,,,,,,,,,,,,,,,,,,,0,,,,,,,,,35-54
R_6ffj6KyRFdRXeL6,1,10,0,0,2,55-64,3,,,,,,,,,,,,,,,,,,,,,,,,0.899999976158142,,0,,,,,,,,,,,,,,,,,,,,,,,0,,,,,,,,,55+
R_6rIquJAsY9YHGWH,1,21,0,0,2,35-44,2,1,,,,,,,,,,,,,,,,,,,,,,,1,,0,,,,,,,,,,,,,,,,,,,,,,,0,,,,,,,,,35-54
R_7AEz1LRsOCFP3fb,1,55,0,0,1,18-24,,,,,,,,,,,,,,,,,,,,,,,,,0.899999976158142,,0,,,,,,,,,,,,,,,,,,,,,,,0,,,,,,,,,18-34
R_5kCdBXkDIwagTrx,1,17,0,0,2,25-34,1,1,,,,,,,,,,,,,,,,,,,,,,,0.899999976158142,,0,,,,,,,,,,,,,,,,,,,,,,,0,,,,,,,,,18-34
R_1W111QCuy9sMq2d,1,16,0,0,2,18-24,1,1,,,,,,,,,,,,,,,,,,,,,,,0.800000011920929,,0,,,,,,,,,,,,,,,,,,,,,,,0,,,,,,,,,18-34
R_6vUeO2X6Tg4x4v7,1,26,0,0,1,18-24,1,1,,,,,,,,,,,,,,,,,,,,,,,0.899999976158142,,0,,,,,,,,,,,,,,,,,,,,,,,0,,,,,,,,,18-34
R_59OaPL6Y155uygF,1,70,0,0,2,18-24,1,2,2,185,2,,,,,,,,,,,,,,,,,,,,0.899999976158142,,0,,,,,,,,,,,,,,,,,,,,,,,0,,,,,,,,,18-34
R_7X0eCuw5E7DLuG4,1,12,0,0,,,,,,,,,,,,,,,,,,,,,,,,,,,0.899999976158142,,0,,,,,,,,,,,,,,,,,,,,,,,0,,,,,,,,,55+
R_5kY3DvlaFbI3b3J,1,18,0,0,1,Under18,5,,,,,,,,,,,,,,,,,,,,,,,,0.800000011920929,,0,,,,,,,,,,,,,,,,,,,,,,,0,,,,,,,,,55+
R_5gjAt7r6is8siWX,1,29,0,0,2,Under18,1,1,,,,,,,,,,,,,,,,,,,,,,,0.899999976158142,,0,,,,,,,,,,,,,,,,,,,,,,,0,,,,,,,,,55+
R_6u2xRcUoUiTyCZj,1,61,0,0,2,35-44,1,1,,,,,,,,,,,,,,,,,,,,,,,1,,0,,,,,,,,,,,,,,,,,,,,,,,0,,,,,,,,,35-54
R_6F3BUUilSN5mlKm,1,81,0,0,2,Under18,1,2,1,2,2,,,,,,,,,,,,,,,,,,,,0.899999976158142,,0,,,,,,,,,,,,,,,,,,,,,,,0,,,,,,,,,55+
R_6ceLsLzXpftVpdv,1,33,0,0,2,55-64,,,,,,,,,,,,,,,,,,,,,,,,,1,,0,,,,,,,,,,,,,,,,,,,,,,,0,,,,,,,,,55+
R_7SABzn7sanDCtbo,1,7,0,0,1,Under18,3,,,,,,,,,,,,,,,,,,,,,,,,1,,0,,,,,,,,,,,,,,,,,,,,,,,0,,,,,,,,,55+
R_5wEtRyt83gsTE0F,1,24,0,0,1,18-24,3,,,,,,,,,,,,,,,,,,,,,,,,1,,0,,,,,,,,,,,,,,,,,,,,,,,0,,,,,,,,,18-34
R_6Ey86Wfq2Nv3wo9,1,219,0,3,1,Under18,1,2,2,1,2,4,5,6,6,4,6,5,6,6,6,6,6,"1,2,6",4,4,,,3,6,0.800000011920929,,1,,,,6,4,7,7,7,7,,,,7,7,7,7,7,7,influencer_meat_expert_oil,ftft,influencer,expert,0,5.4,6,,7,7,7,,7,55+
R_5gZBWuvMraKh3qg,1,206,0,2,2,Under18,1,2,2,1,1,2,1,2,2,1,3,1,2,1,4,4,2,5,4,1,,,1,2,1,,1,,,,2,3,4,2,3,5,,,,1,5,3,1,6,2,influencer_meat_expert_oil,ftft,influencer,expert,0,1.8,2.6,,3,3,3,,3,55+
R_6IW9UDyOaZXNtDE,1,196,0,0,1,25-34,1,2,3,1,2,6,5,5,4,5,6,6,6,5,7,6,5,"3,4",4,3,1,1,,,0.800000011920929,,1,5,6,6,5,6,5,5,5,6,3,6,5,,,,,,,expert_meat_influencer_oil,tfft,expert,influencer,1,5,5.8,5.66666666666667,,5.66666666666667,,4.66666666666667,4.66666666666667,18-34
R_6XZbOVfPvAGEDfP,1,213,0,0,2,Under18,1,2,2,1,4,3,5,5,6,4,4,4,4,6,6,5,6,"1,3,4,6",4,3,,,1,1,0.800000011920929,,1,,,,5,4,4,6,5,6,,,,3,2,2,5,4,4,influencer_meat_expert_oil,tfft,influencer,expert,1,4.8,5.4,,2.33333333333333,2.33333333333333,4.33333333333333,,4.33333333333333,55+
R_5TOwuN4piaJtxi9,1,210,0,2,2,25-34,2,2,2,1,3,4,5,5,5,5,5,5,7,7,6,6,6,1,4,3,3,3,,,0.5,,1,6,5,5,5,4,5,6,5,5,5,5,5,,,,,,,expert_meat_influencer_oil,ftft,expert,influencer,0,5,6.4,5.33333333333333,,5.33333333333333,,5,5,18-34
R_1fXrv0dPPnbopAB,1,266,0,0,2,45-54,2,2,4,1,3,,1,1,2,3,1,1,,,,,,,4,,,,,,0.800000011920929,,0,,,,,,,,,,,,,,,,,,,,,,,0,1.6,,,,,,,,35-54
R_7Lj84CXuMUM9yAe,1,18,0,0,1,Under18,2,2,1,,,,,,,,,,,,,,,,,,,,,,0.800000011920929,,0,,,,,,,,,,,,,,,,,,,,,,,0,,,,,,,,,55+
R_5wtASMYwehcI88t,1,219,0,0,1,45-54,2,2,5,1,3,6,7,7,7,7,5,7,7,7,6,7,7,"1,2,3,4,6,5",4,3,1,,,,0.899999976158142,,0,7,7,7,6,5,7,,,,,,,,,,,,,expert_meat_influencer_oil,ftft,expert,influencer,0,6.6,6.8,7,,7,,,,35-54
R_7CVwKgXR0Ld4l4n,1,184,0,0,1,45-54,,2,1,1,3,6,6,6,6,6,4,6,6,3,6,6,6,"1,3,4",4,3,,,,,0.800000011920929,,0,,,,7,6,7,,,,,,,,,,,,,influencer_meat_expert_oil,ftft,influencer,expert,0,5.6,5.4,,,,,,,35-54
R_5TLGymV3prlWvo3,1,223,0,0,2,18-24,4,2,4,1,2,4,4,6,5,6,4,7,7,7,7,6,7,"4,6",4,3,,,1,1,0.800000011920929,,1,,,,4,4,5,6,5,5,,,,4,4,4,4,5,5,influencer_meat_expert_oil,tfft,influencer,expert,1,5,6.8,,4,4,4.66666666666667,,4.66666666666667,18-34
R_1gZWG1IKRohgsKJ,1,194,0,2,1,25-34,1,2,3,1,1,5,6,4,6,3,6,4,5,4,6,5,2,"1,2,3",3,3,,,4,1,0.899999976158142,,1,,,,4,5,5,5,7,4,,,,3,5,3,2,7,4,influencer_meat_expert_oil,tfft,influencer,expert,0,5,4.4,,3.66666666666667,3.66666666666667,4.33333333333333,,4.33333333333333,18-34
R_6prp7HfYFVAu6Cx,1,247,0,0,2,45-54,2,2,4,1,3,,7,7,7,2,2,5,,,,,,,4,,,,,,0.899999976158142,,0,,,,,,,,,,,,,,,,,,,,,,,0,5,,,,,,,,35-54
R_5JdZ9G0LbPh0kag,1,217,0,0,1,35-44,1,2,2,1,3,6,6,6,6,6,6,6,6,6,6,6,6,"1,2,4,6",4,3,1,1,,,0.899999976158142,,1,5,6,6,6,6,5,6,6,6,6,6,6,,,,,,,expert_meat_influencer_oil,tfft,expert,influencer,1,6,6,5.66666666666667,,5.66666666666667,,6,6,35-54
R_5Ja8O7upfRnJGCe,1,11,0,0,1,45-54,2,,,,,,,,,,,,,,,,,,,,,,,,0.800000011920929,,0,,,,,,,,,,,,,,,,,,,,,,,0,,,,,,,,,35-54
R_1qBccdJCB9AVc7n,1,210,0,1,1,Under18,1,2,5,1,4,1,7,7,6,7,6,7,7,7,7,6,6,"4,5",4,3,2,1,,,0.800000011920929,,1,7,6,7,7,7,6,7,7,7,7,7,7,,,,,,,expert_meat_influencer_oil,ftft,expert,influencer,0,6.6,6.6,6.66666666666667,,6.66666666666667,,7,7,55+
R_6FUJWPcCqFnyvJK,1,21,0,0,2,18-24,2,,,,,,,,,,,,,,,,,,,,,,,,0.899999976158142,,0,,,,,,,,,,,,,,,,,,,,,,,0,,,,,,,,,18-34
R_688GXsOi8Mr2Z45,1,293,0,0,2,18-24,1,2,3,1,1,5,6,6,7,7,7,5,6,6,6,6,7,"4,6",4,3,,,1,1,0.800000011920929,,1,,,,4,4,3,7,5,7,,,,3,1,3,6,7,5,influencer_meat_expert_oil,ftft,influencer,expert,1,6.6,6.2,,2.33333333333333,2.33333333333333,6,,6,18-34
R_7qDIVRc9TOdDZND,1,653,0,0,1,18-24,,2,4,1,3,,4,4,6,,3,,,,,,,,,,,,,,0.800000011920929,,0,,,,,,,,,,,,,,,,,,,,,,,0,4.25,,,,,,,,18-34
R_5rhVqlZBtMSyaaE,1,304,0,0,2,35-44,1,2,4,1,2,4,7,7,7,7,7,7,6,5,7,7,7,"1,3,4",4,3,1,1,,,0.800000011920929,,1,4,4,4,6,7,5,7,7,7,4,4,4,,,,,,,expert_meat_influencer_oil,ftft,expert,influencer,1,7,6.4,4,,4,,4,4,35-54
R_5zWLsdVYYEYjdKh,1,307,0,2,1,25-34,1,2,4,1,2,7,3,4,4,5,3,3,4,3,3,4,4,4,4,4,,,5,1,0.899999976158142,,1,,,,4,4,4,5,7,7,,,,4,4,4,4,4,4,influencer_meat_expert_oil,tfft,influencer,expert,0,3.8,3.6,,4,4,4,,4,18-34
R_6b49R60WHETy7hf,1,43,0,0,2,18-24,2,,,,,,,,,,,,,,,,,,,,,,,,1,,0,,,,,,,,,,,,,,,,,,,,,,,0,,,,,,,,,18-34
R_6lMHPLvXn8Ldlip,1,791,0,0,1,25-34,2,2,4,,,,,,,,,,,,,,,,,,,,,,1,,0,,,,,,,,,,,,,,,,,,,,,,,0,,,,,,,,,18-34
R_6nMQWsguTDgMHap,1,351,0,0,2,45-54,1,2,2,1,3,4,5,4,4,5,4,4,5,6,5,6,5,"1,2",4,3,1,1,,,0.800000011920929,,1,7,5,7,4,4,5,7,6,7,4,3,2,,,,,,,expert_meat_influencer_oil,tfft,expert,influencer,1,4.4,5.4,6.33333333333333,,6.33333333333333,,3,3,35-54
R_7ffaYeyQ0Z91U3x,1,325,0,1,1,25-34,1,2,2,1,1,1,4,4,7,4,7,7,7,7,7,7,4,"3,4,5",4,3,1,2,,,1,,1,7,7,7,7,7,7,7,7,7,7,7,7,,,,,,,expert_meat_influencer_oil,tfft,expert,influencer,0,5.2,6.4,7,,7,,7,7,18-34
R_52CVvthWeQ4Ngo4,1,386,0,0,2,45-54,1,2,4,1,2,6,5,3,6,4,1,5,2,5,2,5,5,1,4,3,1,1,,,0.800000011920929,,1,5,5,5,5,5,6,6,5,6,4,5,5,,,,,,,expert_meat_influencer_oil,tfft,expert,influencer,1,3.8,3.8,5,,5,,4.66666666666667,4.66666666666667,35-54
R_78NHe654yykIu3U,1,296,0,1,1,55-64,1,2,4,1,1,1,6,7,7,3,4,5,7,7,6,6,6,"1,2",4,3,,,1,2,0.899999976158142,,1,,,,4,5,5,6,6,6,,,,6,6,6,6,6,6,influencer_meat_expert_oil,tfft,influencer,expert,1,5.4,6.4,,6,6,6,,6,55+
R_55tPOSZCbMRAnO1,1,387,0,0,2,35-44,1,2,3,1,2,7,6,6,6,5,3,6,5,3,5,3,5,"1,3,4,6",4,3,1,1,,,1,,1,7,7,7,7,7,7,7,7,7,7,7,7,,,,,,,expert_meat_influencer_oil,ftft,expert,influencer,1,5.2,4.2,7,,7,,7,7,35-54
R_6MEhlwzgKuNObus,1,415,0,0,2,35-44,1,2,2,1,1,4,6,5,7,4,2,7,5,5,5,5,5,"1,2",4,3,1,1,,,0.800000011920929,,1,5,4,6,5,4,5,6,4,6,5,5,6,,,,,,,expert_meat_influencer_oil,tfft,expert,influencer,1,4.8,5,5,,5,,5.33333333333333,5.33333333333333,35-54
R_7FP2ZFSGPQWFdFq,1,307,0,2,1,45-54,1,2,4,1,1,3,5,4,7,4,6,5,3,3,3,4,5,"1,6",4,3,4,3,,,0.400000005960465,,1,3,5,6,3,4,5,6,6,5,3,5,7,,,,,,,expert_meat_influencer_oil,ftft,expert,influencer,0,5.2,3.6,4.66666666666667,,4.66666666666667,,5,5,35-54
R_5roObzzHVDSNfYl,1,419,0,0,2,35-44,1,2,2,1,3,4,5,5,6,4,4,5,6,6,6,5,5,"1,2,6",4,3,,,1,1,0.800000011920929,,1,,,,6,6,6,6,6,6,,,,4,4,3,6,6,6,influencer_meat_expert_oil,ftft,influencer,expert,1,4.8,5.6,,3.66666666666667,3.66666666666667,6,,6,35-54
R_6rjw9Bq5pQhVave,1,103,0,0,2,18-24,3,,,,,,,,,,,,,,,,,,,,,,,,0.899999976158142,,0,,,,,,,,,,,,,,,,,,,,,,,0,,,,,,,,,18-34
R_5bOBvFHXaGIXgrv,1,435,0,0,1,25-34,1,2,5,1,3,2,4,7,5,6,6,7,7,6,7,7,6,"1,2,3,4,6,5",4,3,1,1,,,1,,1,3,3,2,6,6,6,7,6,6,6,7,6,,,,,,,expert_meat_influencer_oil,tfft,expert,influencer,1,5.6,6.6,2.66666666666667,,2.66666666666667,,6.33333333333333,6.33333333333333,18-34
R_5nIsE4FrP1oGo3E,1,458,0,0,2,25-34,1,2,3,1,3,4,6,5,6,5,2,6,6,6,6,5,6,1,4,3,1,,,,0.800000011920929,,0,3,2,1,6,6,6,,,,,,,,,,,,,expert_meat_influencer_oil,ftft,expert,influencer,0,4.8,5.8,2,,2,,,,18-34
R_1MLQoHSSz8yL6Br,1,368,0,0,1,55-64,1,2,4,1,4,5,7,6,6,6,7,7,5,6,5,5,7,"2,3,4,6",4,3,,,1,1,0.899999976158142,,1,,,,6,6,6,7,7,7,,,,4,6,6,7,7,7,influencer_meat_expert_oil,tfft,influencer,expert,1,6.4,5.6,,5.33333333333333,5.33333333333333,7,,7,55+
R_5EbwFlN3QhKvpeU,1,457,0,0,2,55-64,1,2,3,1,3,4,4,5,6,5,3,4,6,6,5,5,6,"1,5,8",4,3,,,1,1,0.800000011920929,,1,,,,5,4,5,6,6,6,,,,2,1,2,4,4,5,influencer_meat_expert_oil,ftft,influencer,expert,1,4.6,5.6,,1.66666666666667,1.66666666666667,4.33333333333333,,4.33333333333333,55+
R_69uadi8R6w9tL8Z,1,199,0,0,2,55-64,1,2,5,1,3,2,6,6,7,5,2,6,3,3,5,5,3,"1,3,4",4,3,,,,,1,,0,,,,,,,,,,,,,,,,,,,expert_meat_influencer_oil,tfft,expert,influencer,0,5.2,3.8,,,,,,,55+
R_5Q6bNhNSfnPENZT,1,455,0,0,2,25-34,1,2,2,1,1,4,5,5,6,6,2,7,1,2,2,5,5,"1,3,6",4,3,,,1,,0.800000011920929,,0,,,,,,,,,,,,,,,,,,,influencer_meat_expert_oil,tfft,influencer,expert,0,4.8,3,,,,,,,18-34
R_57Aj5UpSR4lnKqR,1,471,0,1,1,25-34,1,2,3,1,4,4,5,4,5,4,3,5,6,5,6,6,6,"3,4",4,3,2,,,,0.899999976158142,,0,6,6,6,6,6,5,,,,,,,,,,,,,expert_meat_influencer_oil,tfft,expert,influencer,0,4.2,5.8,6,,6,,,,18-34
R_5qedY0HApvwH9mh,1,482,0,0,2,45-54,1,2,3,1,1,7,5,5,7,6,4,7,6,5,7,6,6,"1,3,4,8",4,3,,,1,1,0.800000011920929,,1,,,,6,6,6,4,4,4,,,,5,5,6,4,5,5,influencer_meat_expert_oil,tfft,influencer,expert,1,5.4,6,,5.33333333333333,5.33333333333333,4.66666666666667,,4.66666666666667,35-54
R_52S3PueOLxMhJEm,1,509,0,0,2,45-54,1,2,2,1,4,1,7,7,7,4,7,7,7,7,7,7,7,"1,4,6,5",4,3,,,1,1,0.899999976158142,,1,,,,7,7,7,7,7,7,,,,7,7,7,7,7,7,influencer_meat_expert_oil,tfft,influencer,expert,1,6.4,7,,7,7,7,,7,35-54
R_6dl6y18T8x9qqRP,1,351,0,0,1,18-24,1,2,2,1,3,5,7,7,7,7,6,6,7,7,7,7,7,"1,2,3,4,6,5",4,3,,,1,1,0.800000011920929,,1,,,,7,5,6,5,5,6,,,,7,7,7,6,6,6,influencer_meat_expert_oil,ftft,influencer,expert,1,6.8,7,,7,7,6,,6,18-34
R_5iwF0aP7PoOYKD1,1,515,0,0,2,45-54,1,2,1,1,3,7,7,7,7,7,1,5,7,7,1,1,7,1,4,3,1,1,,,0.800000011920929,,1,7,7,7,4,4,4,7,7,7,4,4,4,,,,,,,expert_meat_influencer_oil,ftft,expert,influencer,1,5.8,4.6,7,,7,,4,4,35-54
R_6iBx1FcmLnJ8rnz,1,546,0,0,1,55-64,1,2,4,1,3,5,6,7,6,5,2,5,5,5,4,5,6,"1,3",4,3,,,1,1,1,,1,,,,5,4,5,6,5,6,,,,5,5,5,4,5,3,influencer_meat_expert_oil,ftft,influencer,expert,1,5.2,5,,5,5,4,,4,55+
R_5DhymXOi5w05EtL,1,634,0,2,2,35-44,1,2,2,1,4,6,1,5,7,3,6,1,3,6,4,4,6,"1,3,4,6",4,3,,,3,2,0.800000011920929,,1,,,,4,5,5,6,6,7,,,,5,4,7,5,5,1,influencer_meat_expert_oil,ftft,influencer,expert,1,4.4,4.6,,5.33333333333333,5.33333333333333,3.66666666666667,,3.66666666666667,35-54
R_5NMg8wtv0VwoiM9,1,680,0,0,2,45-54,1,2,4,1,3,7,5,5,3,5,3,5,5,6,5,6,6,"1,2,6",4,3,1,1,,,0.200000002980232,,1,5,5,5,5,5,6,7,7,7,5,5,5,,,,,,,expert_meat_influencer_oil,ftft,expert,influencer,0,4.2,5.6,5,,5,,5,5,35-54
R_3M9hcKTP8eFjgzv,1,72,0,0,1,55-64,2,,,,,,,,,,,,,,,,,,,,,,,,1,,0,,,,,,,,,,,,,,,,,,,,,,,0,,,,,,,,,55+
R_54epxuYdmpD6rs5,1,764,0,0,2,35-44,1,2,2,1,4,6,5,5,6,4,3,6,6,5,5,5,7,"1,2,3,6",4,3,,,1,1,0.800000011920929,,1,,,,6,4,6,6,6,6,,,,2,3,4,5,5,5,influencer_meat_expert_oil,tfft,influencer,expert,1,4.6,5.6,,3,3,5,,5,35-54
R_5sdHnPW4ILeNF2I,1,471,0,0,1,55-64,4,2,4,1,3,4,5,5,5,5,3,5,5,6,5,5,5,"1,2,3",4,3,,,1,1,0.899999976158142,,1,,,,4,4,4,7,7,7,,,,4,4,4,7,7,7,influencer_meat_expert_oil,ftft,influencer,expert,1,4.6,5.2,,4,4,7,,7,55+
R_55qLs90Fd9DJOtr,1,47,0,0,1,18-24,2,,,,,,,,,,,,,,,,,,,,,,,,0.800000011920929,,0,,,,,,,,,,,,,,,,,,,,,,,0,,,,,,,,,18-34
R_7L23wxVFCdiPjBT,1,757,0,0,2,45-54,1,2,2,1,1,6,6,6,6,5,4,6,4,6,5,4,4,"3,4",4,3,1,1,,,1,,1,2,2,2,6,4,5,6,4,6,2,2,2,,,,,,,expert_meat_influencer_oil,ftft,expert,influencer,1,5.4,4.6,2,,2,,2,2,35-54
R_72v1Tx4Vj1cvbDb,1,820,0,1,1,Under18,1,2,4,1,1,1,4,5,5,6,6,4,5,4,5,5,4,4,4,3,,,2,1,1,,1,,,,2,2,3,6,3,4,,,,5,5,6,6,6,4,influencer_meat_expert_oil,ftft,influencer,expert,1,5.2,4.6,,5.33333333333333,5.33333333333333,5.33333333333333,,5.33333333333333,55+
R_57g3Qy7qz9TP2L3,1,907,0,1,1,35-44,1,2,2,1,4,4,1,7,7,7,6,7,6,6,7,7,7,"1,2,3,4,6",4,1,,,1,1,0.899999976158142,,1,,,,7,6,7,7,7,6,,,,7,6,7,5,7,7,influencer_meat_expert_oil,tfft,influencer,expert,0,5.6,6.6,,6.66666666666667,6.66666666666667,6.33333333333333,,6.33333333333333,35-54
R_7qULPirNE3bEl3S,1,14,0,0,2,18-24,2,,,,,,,,,,,,,,,,,,,,,,,,1,,0,,,,,,,,,,,,,,,,,,,,,,,0,,,,,,,,,18-34
R_7rdlSzcvLPqXmxg,1,862,0,0,1,18-24,1,2,4,1,1,2,6,6,7,6,6,7,7,7,7,6,6,"1,2,3,4,6",4,3,1,1,,,0.899999976158142,,1,6,5,4,7,7,7,7,5,6,6,5,7,,,,,,,expert_meat_influencer_oil,ftft,expert,influencer,1,6.2,6.6,5,,5,,6,6,18-34
R_524MOCwKb7aZ01E,1,989,0,1,1,55-64,1,2,3,1,3,6,5,4,5,7,2,6,6,5,5,6,6,"1,2",4,5,1,1,,,0.800000011920929,,1,5,5,6,1,1,1,5,3,5,3,2,2,,,,,,,expert_meat_influencer_oil,tfft,expert,influencer,0,4.6,5.6,5.33333333333333,,5.33333333333333,,2.33333333333333,2.33333333333333,55+
R_31z7X6MsuCghndz,1,41,0,0,1,55-64,2,,,,,,,,,,,,,,,,,,,,,,,,0.800000011920929,,0,,,,,,,,,,,,,,,,,,,,,,,0,,,,,,,,,55+
R_6PBrDs3NvgO5TBS,1,1059,0,0,2,45-54,1,2,3,1,3,5,7,4,6,6,5,7,6,6,7,6,4,"1,3,4,6",4,3,,,1,1,0.800000011920929,,1,,,,3,4,3,5,5,6,,,,4,5,4,5,4,6,influencer_meat_expert_oil,tfft,influencer,expert,1,5.6,5.8,,4.33333333333333,4.33333333333333,5,,5,35-54
R_5LCViFVKdpX7reF,1,1016,0,0,2,55-64,1,2,3,1,1,3,5,7,6,5,2,6,6,6,6,6,6,"1,6",4,3,1,1,,,1,,1,6,6,6,5,5,5,5,5,5,4,4,4,,,,,,,expert_meat_influencer_oil,tfft,expert,influencer,1,5,6,6,,6,,4,4,55+
R_6Nlg8ljPEyGxbIo,1,24,0,0,1,45-54,2,,,,,,,,,,,,,,,,,,,,,,,,0.800000011920929,,0,,,,,,,,,,,,,,,,,,,,,,,0,,,,,,,,,35-54
R_7GoYOivMjiXj4Uo,1,62,0,0,1,18-24,2,,,,,,,,,,,,,,,,,,,,,,,,1,,0,,,,,,,,,,,,,,,,,,,,,,,0,,,,,,,,,18-34
R_7s0yzWzA9uKtbN0,1,29,0,0,1,18-24,2,,,,,,,,,,,,,,,,,,,,,,,,1,,0,,,,,,,,,,,,,,,,,,,,,,,0,,,,,,,,,18-34
R_3EMgdMHTEyEagff,1,195,0,0,1,18-24,2,,,,,,,,,,,,,,,,,,,,,,,,0.899999976158142,,0,,,,,,,,,,,,,,,,,,,,,,,0,,,,,,,,,18-34
R_6QIrVrq4IpYPwxb,1,2222,0,0,2,18-24,1,2,1,1,3,4,6,5,5,6,6,7,6,5,5,6,6,1,4,3,1,1,,,1,,1,3,5,4,6,7,5,6,6,6,5,4,3,,,,,,,expert_meat_influencer_oil,tfft,expert,influencer,1,5.6,5.6,4,,4,,4,4,18-34
R_6VQEBrc2Sma54NG,1,13,0,0,1,18-24,2,,,,,,,,,,,,,,,,,,,,,,,,0.5,,0,,,,,,,,,,,,,,,,,,,,,,,0,,,,,,,,,18-34
R_5yrrHIQ8Mk9YQq4,1,115,0,0,1,Under18,2,,,,,,,,,,,,,,,,,,,,,,,,0.899999976158142,,0,,,,,,,,,,,,,,,,,,,,,,,0,,,,,,,,,55+
R_7Pn9oU0U1uExWUi,1,5990,0,0,1,18-24,1,2,,,,,,,,,,,,,,,,,,,,,,,0.800000011920929,,0,,,,,,,,,,,,,,,,,,,,,,,0,,,,,,,,,18-34
R_3R6WMSKJsZhDUB3,1,3321,0,0,2,35-44,1,2,2,1,3,4,5,7,7,7,4,6,5,5,4,5,4,"1,3",4,3,,,1,1,0.800000011920929,,1,,,,7,5,7,7,7,7,,,,4,4,4,4,4,4,influencer_meat_expert_oil,ftft,influencer,expert,1,6,4.6,,4,4,4,,4,35-54
R_6Siv0x59hUQCgXf,1,50,0,0,1,18-24,2,,,,,,,,,,,,,,,,,,,,,,,,0.899999976158142,,0,,,,,,,,,,,,,,,,,,,,,,,0,,,,,,,,,18-34
R_3oH7h7hY21zTFcJ,1,28,0,0,1,Under18,2,,,,,,,,,,,,,,,,,,,,,,,,0.899999976158142,,0,,,,,,,,,,,,,,,,,,,,,,,0,,,,,,,,,55+
R_1J33j8qInUwESdj,1,12,0,0,,,,,,,,,,,,,,,,,,,,,,,,,,,0.800000011920929,,0,,,,,,,,,,,,,,,,,,,,,,,0,,,,,,,,,55+
R_7PeptHqtIj1iyW4,1,28,0,0,1,55-64,2,,,,,,,,,,,,,,,,,,,,,,,,0.800000011920929,,0,,,,,,,,,,,,,,,,,,,,,,,0,,,,,,,,,55+
R_5xevZ4QnIPNGupH,1,30,0,0,1,18-24,2,,,,,,,,,,,,,,,,,,,,,,,,0.800000011920929,,0,,,,,,,,,,,,,,,,,,,,,,,0,,,,,,,,,18-34
R_5rVfqGbzpvjsjfy,1,93,0,0,2,35-44,3,,,,,,,,,,,,,,,,,,,,,,,,0.899999976158142,,0,,,,,,,,,,,,,,,,,,,,,,,0,,,,,,,,,35-54
R_3av43jOspJd2nsd,1,21,0,0,2,Under18,2,,,,,,,,,,,,,,,,,,,,,,,,0.800000011920929,,0,,,,,,,,,,,,,,,,,,,,,,,0,,,,,,,,,55+
R_1VeQS1G6Fak3Y1X,1,73,0,0,1,18-24,2,,,,,,,,,,,,,,,,,,,,,,,,0.899999976158142,,0,,,,,,,,,,,,,,,,,,,,,,,0,,,,,,,,,18-34
R_5QW4WSyJksKtjKy,1,6,0,0,,,,,,,,,,,,,,,,,,,,,,,,,,,1,,0,,,,,,,,,,,,,,,,,,,,,,,0,,,,,,,,,55+
R_1p9HWy08u5dWfip,1,10,0,0,1,18-24,2,,,,,,,,,,,,,,,,,,,,,,,,0.899999976158142,,0,,,,,,,,,,,,,,,,,,,,,,,0,,,,,,,,,18-34
R_7WZP3Cl15D6IPwB,1,21,0,0,1,Under18,2,,,,,,,,,,,,,,,,,,,,,,,,0.800000011920929,,0,,,,,,,,,,,,,,,,,,,,,,,0,,,,,,,,,55+
R_1sbrxbhbUZSn7eM,1,25,0,0,1,Under18,2,,,,,,,,,,,,,,,,,,,,,,,,0.899999976158142,,0,,,,,,,,,,,,,,,,,,,,,,,0,,,,,,,,,55+
R_3fsaJ3Ec3chNd2p,1,172,0,0,1,18-24,2,,,,,,,,,,,,,,,,,,,,,,,,0.699999988079071,,0,,,,,,,,,,,,,,,,,,,,,,,0,,,,,,,,,18-34
R_3IHjAZOGC2OAM8L,1,17,0,0,1,18-24,2,,,,,,,,,,,,,,,,,,,,,,,,0.899999976158142,,0,,,,,,,,,,,,,,,,,,,,,,,0,,,,,,,,,18-34
R_5EgyeY0BMPIM9zW,1,20,0,0,1,Under18,2,,,,,,,,,,,,,,,,,,,,,,,,0,,0,,,,,,,,,,,,,,,,,,,,,,,0,,,,,,,,,55+
R_3Fh8QR8ArkGDpY7,1,23,0,0,1,Under18,,,,,,,,,,,,,,,,,,,,,,,,,1,,0,,,,,,,,,,,,,,,,,,,,,,,0,,,,,,,,,55+
R_65FrHh7Po82vuhP,1,32,0,0,1,18-24,2,,,,,,,,,,,,,,,,,,,,,,,,1,,0,,,,,,,,,,,,,,,,,,,,,,,0,,,,,,,,,18-34
R_6GQtVE7ymftUfa9,1,41,0,0,1,Under18,2,,,,,,,,,,,,,,,,,,,,,,,,0.800000011920929,,0,,,,,,,,,,,,,,,,,,,,,,,0,,,,,,,,,55+
R_7nu9DZXlGtrgR0C,1,30,0,0,1,Under18,2,,,,,,,,,,,,,,,,,,,,,,,,1,,0,,,,,,,,,,,,,,,,,,,,,,,0,,,,,,,,,55+
R_7kz2IfGAZUdGURr,1,27,0,0,1,55-64,2,,,,,,,,,,,,,,,,,,,,,,,,0.699999988079071,,0,,,,,,,,,,,,,,,,,,,,,,,0,,,,,,,,,55+
R_3oF9yHcmYlDXgLy,1,628,0,0,1,Under18,1,2,1,1,4,7,6,1,7,4,2,6,6,7,6,6,6,1,4,3,1,1,,,0.800000011920929,,1,2,2,7,2,4,4,7,4,4,2,4,4,,,,,,,expert_meat_influencer_oil,ftft,expert,influencer,1,4,6.2,3.66666666666667,,3.66666666666667,,3.33333333333333,3.33333333333333,55+
R_7M4mVEAOISbplCs,1,18,0,0,1,Under18,2,,,,,,,,,,,,,,,,,,,,,,,,0.300000011920929,,0,,,,,,,,,,,,,,,,,,,,,,,0,,,,,,,,,55+
R_3zp4r8wXhUm5qts,1,17,0,0,1,Under18,2,,,,,,,,,,,,,,,,,,,,,,,,1,,0,,,,,,,,,,,,,,,,,,,,,,,0,,,,,,,,,55+
R_7cZB7YzeeInsvFJ,1,35,0,0,1,25-34,,,,,,,,,,,,,,,,,,,,,,,,,0.800000011920929,,0,,,,,,,,,,,,,,,,,,,,,,,0,,,,,,,,,18-34
R_1G8oFTSIItfU5KB,1,19,0,0,1,18-24,2,,,,,,,,,,,,,,,,,,,,,,,,0.899999976158142,,0,,,,,,,,,,,,,,,,,,,,,,,0,,,,,,,,,18-34
R_51tB5Fg5tPGNxn3,1,53,0,0,1,55-64,2,,,,,,,,,,,,,,,,,,,,,,,,0.800000011920929,,0,,,,,,,,,,,,,,,,,,,,,,,0,,,,,,,,,55+
R_5mrdeg3n1ebyHOF,1,12,0,0,1,18-24,2,,,,,,,,,,,,,,,,,,,,,,,,0.899999976158142,,0,,,,,,,,,,,,,,,,,,,,,,,0,,,,,,,,,18-34
R_57NHf6ycfht5T5T,1,17,0,0,1,18-24,2,,,,,,,,,,,,,,,,,,,,,,,,1,,0,,,,,,,,,,,,,,,,,,,,,,,0,,,,,,,,,18-34
R_6OlQBzyv9DcgDAD,1,113,0,0,1,Under18,2,,,,,,,,,,,,,,,,,,,,,,,,0.899999976158142,,0,,,,,,,,,,,,,,,,,,,,,,,0,,,,,,,,,55+
R_5CPzLKjlm2CKgTD,1,15,0,0,2,18-24,2,,,,,,,,,,,,,,,,,,,,,,,,0.899999976158142,,0,,,,,,,,,,,,,,,,,,,,,,,0,,,,,,,,,18-34
R_1OOXMDW2VpTCpJi,1,11,0,0,2,Under18,2,,,,,,,,,,,,,,,,,,,,,,,,0.600000023841858,,0,,,,,,,,,,,,,,,,,,,,,,,0,,,,,,,,,55+
R_1qX6Qz25WWH2sFT,1,23,0,0,2,Under18,2,,,,,,,,,,,,,,,,,,,,,,,,0.899999976158142,,0,,,,,,,,,,,,,,,,,,,,,,,0,,,,,,,,,55+
R_6IjhOETjk0Qfn7X,1,12,0,0,1,18-24,,,,,,,,,,,,,,,,,,,,,,,,,1,,0,,,,,,,,,,,,,,,,,,,,,,,0,,,,,,,,,18-34
R_6scdebADIyQcZki,1,19,0,0,1,25-34,,,,,,,,,,,,,,,,,,,,,,,,,0.800000011920929,,0,,,,,,,,,,,,,,,,,,,,,,,0,,,,,,,,,18-34
R_7X5AyxAtKMUeKQN,1,33,0,0,1,18-24,,,,,,,,,,,,,,,,,,,,,,,,,0.899999976158142,,0,,,,,,,,,,,,,,,,,,,,,,,0,,,,,,,,,18-34
R_5s0v0mLr1SLxUyr,1,14,0,0,1,25-34,,,,,,,,,,,,,,,,,,,,,,,,,1,,0,,,,,,,,,,,,,,,,,,,,,,,0,,,,,,,,,18-34
R_7g2b62z3YVwdA2H,1,26,0,0,1,18-24,2,,,,,,,,,,,,,,,,,,,,,,,,1,,0,,,,,,,,,,,,,,,,,,,,,,,0,,,,,,,,,18-34
R_5C6GQHSZtaNjWff,1,14,0,0,2,25-34,,,,,,,,,,,,,,,,,,,,,,,,,0.800000011920929,,0,,,,,,,,,,,,,,,,,,,,,,,0,,,,,,,,,18-34
R_68BvRNYzM1YZKid,1,23,0,0,1,25-34,,,,,,,,,,,,,,,,,,,,,,,,,0.800000011920929,,0,,,,,,,,,,,,,,,,,,,,,,,0,,,,,,,,,18-34
R_5BfBkfXxxR4DMQi,1,47,0,0,1,18-24,2,,,,,,,,,,,,,,,,,,,,,,,,0.800000011920929,,0,,,,,,,,,,,,,,,,,,,,,,,0,,,,,,,,,18-34
R_3nN5kfD5ZxSmX7o,1,40,0,0,2,Under18,2,,,,,,,,,,,,,,,,,,,,,,,,0.899999976158142,,0,,,,,,,,,,,,,,,,,,,,,,,0,,,,,,,,,55+
R_3wjkQI968VRyuVH,1,11,0,0,2,25-34,,,,,,,,,,,,,,,,,,,,,,,,,0.899999976158142,,0,,,,,,,,,,,,,,,,,,,,,,,0,,,,,,,,,18-34
R_5Mh7kuFeDBtKMDy,1,12,0,0,1,18-24,2,,,,,,,,,,,,,,,,,,,,,,,,0.800000011920929,,0,,,,,,,,,,,,,,,,,,,,,,,0,,,,,,,,,18-34
R_3SJsWH0MjFAwvIa,1,18,0,0,1,25-34,,,,,,,,,,,,,,,,,,,,,,,,,0.800000011920929,,0,,,,,,,,,,,,,,,,,,,,,,,0,,,,,,,,,18-34
R_3XFUfQpmOEDT6OB,1,16,0,0,1,18-24,2,,,,,,,,,,,,,,,,,,,,,,,,1,,0,,,,,,,,,,,,,,,,,,,,,,,0,,,,,,,,,18-34
R_7jeUQUkr5w5Me3x,1,18,0,0,1,18-24,2,,,,,,,,,,,,,,,,,,,,,,,,1,,0,,,,,,,,,,,,,,,,,,,,,,,0,,,,,,,,,18-34
R_63FMvuWijeNmJ69,1,22,0,0,1,55-64,2,,,,,,,,,,,,,,,,,,,,,,,,0.800000011920929,,0,,,,,,,,,,,,,,,,,,,,,,,0,,,,,,,,,55+
R_7dMF59yU4PuBx4p,1,29,0,0,2,55-64,4,2,5,,,,,,,,,,,,,,,,,,,,,,1,,0,,,,,,,,,,,,,,,,,,,,,,,0,,,,,,,,,55+
R_7gcjo2spAN3Nb5w,1,26,0,0,2,45-54,2,,,,,,,,,,,,,,,,,,,,,,,,0.800000011920929,,0,,,,,,,,,,,,,,,,,,,,,,,0,,,,,,,,,35-54
R_6nIkHNpyAEc9OSZ,1,16,0,0,2,45-54,2,,,,,,,,,,,,,,,,,,,,,,,,0.800000011920929,,0,,,,,,,,,,,,,,,,,,,,,,,0,,,,,,,,,35-54
R_3mDJaq7QaZRdGSd,1,29,0,0,1,25-34,,,,,,,,,,,,,,,,,,,,,,,,,0.5,,0,,,,,,,,,,,,,,,,,,,,,,,0,,,,,,,,,18-34
R_1ERT75cilG3qvuM,1,171,0,0,1,18-24,2,,,,,,,,,,,,,,,,,,,,,,,,0.899999976158142,,0,,,,,,,,,,,,,,,,,,,,,,,0,,,,,,,,,18-34
R_5rUHcmTYpE12HRH,1,44,0,0,2,45-54,2,,,,,,,,,,,,,,,,,,,,,,,,0.800000011920929,,0,,,,,,,,,,,,,,,,,,,,,,,0,,,,,,,,,35-54
R_3jAHVfY3tcYyMWF,1,214,0,0,2,18-24,1,2,4,1,3,1,6,6,7,5,2,5,6,7,5,6,7,"1,2,6,5",4,3,,,1,1,0.800000011920929,,1,,,,4,3,3,7,7,7,,,,4,5,5,6,7,7,influencer_meat_expert_oil,tfft,influencer,expert,1,5.2,6.2,,4.66666666666667,4.66666666666667,6.66666666666667,,6.66666666666667,18-34
R_51uKrSFpYmwjIIa,1,36,0,0,2,45-54,2,,,,,,,,,,,,,,,,,,,,,,,,1,,0,,,,,,,,,,,,,,,,,,,,,,,0,,,,,,,,,35-54
R_74cSEkTXpzQwRdy,1,28,0,0,1,18-24,4,2,5,,,,,,,,,,,,,,,,,,,,,,1,,0,,,,,,,,,,,,,,,,,,,,,,,0,,,,,,,,,18-34
R_7coT6Gtq6Mciulz,1,15,0,0,1,25-34,,,,,,,,,,,,,,,,,,,,,,,,,1,,0,,,,,,,,,,,,,,,,,,,,,,,0,,,,,,,,,18-34
R_6VHGmQbWhbfuOpu,1,8,0,0,1,25-34,,,,,,,,,,,,,,,,,,,,,,,,,1,,0,,,,,,,,,,,,,,,,,,,,,,,0,,,,,,,,,18-34
R_50Ajyox2xUFEzuh,1,13,0,0,1,25-34,,,,,,,,,,,,,,,,,,,,,,,,,0.800000011920929,,0,,,,,,,,,,,,,,,,,,,,,,,0,,,,,,,,,18-34
R_3FmNN3P2XKR8yeH,1,108,0,0,2,Under18,2,,,,,,,,,,,,,,,,,,,,,,,,0.800000011920929,,0,,,,,,,,,,,,,,,,,,,,,,,0,,,,,,,,,55+
R_6flaVJiZKOe1mEI,1,151,0,0,2,45-54,2,,,,,,,,,,,,,,,,,,,,,,,,1,,0,,,,,,,,,,,,,,,,,,,,,,,0,,,,,,,,,35-54
R_1S9cQC6eICmPrwZ,1,22,0,0,2,25-34,,,,,,,,,,,,,,,,,,,,,,,,,0.800000011920929,,0,,,,,,,,,,,,,,,,,,,,,,,0,,,,,,,,,18-34
R_6YmjhwmE4wgrqmh,1,27,0,0,1,45-54,2,,,,,,,,,,,,,,,,,,,,,,,,1,,0,,,,,,,,,,,,,,,,,,,,,,,0,,,,,,,,,35-54
R_7CBRDSNPdb1BXxe,1,11,0,0,2,25-34,,,,,,,,,,,,,,,,,,,,,,,,,0.899999976158142,,0,,,,,,,,,,,,,,,,,,,,,,,0,,,,,,,,,18-34
R_50ZF4I7fiAnD17z,1,19,0,0,1,55-64,5,,,,,,,,,,,,,,,,,,,,,,,,0.800000011920929,,0,,,,,,,,,,,,,,,,,,,,,,,0,,,,,,,,,55+
R_66fqv2WZCJAlWzU,1,20,0,0,1,35-44,2,,,,,,,,,,,,,,,,,,,,,,,,0.800000011920929,,0,,,,,,,,,,,,,,,,,,,,,,,0,,,,,,,,,35-54
R_6P84Nsxw0uxOX7j,1,77,0,0,1,18-24,2,,,,,,,,,,,,,,,,,,,,,,,,0.800000011920929,,0,,,,,,,,,,,,,,,,,,,,,,,0,,,,,,,,,18-34
R_7nDGRJMT3Z6NQQd,1,52,0,0,2,55-64,2,,,,,,,,,,,,,,,,,,,,,,,,0.800000011920929,,0,,,,,,,,,,,,,,,,,,,,,,,0,,,,,,,,,55+
R_5q580Ab7nMobML7,1,73,0,0,2,45-54,2,,,,,,,,,,,,,,,,,,,,,,,,0.800000011920929,,0,,,,,,,,,,,,,,,,,,,,,,,0,,,,,,,,,35-54
R_6ItqdAGGv8EevPu,1,7,0,0,,,,,,,,,,,,,,,,,,,,,,,,,,,0.899999976158142,,0,,,,,,,,,,,,,,,,,,,,,,,0,,,,,,,,,55+
R_71H8aW41DrJwwsm,1,12,0,0,1,18-24,2,,,,,,,,,,,,,,,,,,,,,,,,0.200000002980232,,0,,,,,,,,,,,,,,,,,,,,,,,0,,,,,,,,,18-34
R_1r8KCQ9ucWV4tBG,1,27,0,0,2,45-54,1,2,5,,,,,,,,,,,,,,,,,,,,,,1,,0,,,,,,,,,,,,,,,,,,,,,,,0,,,,,,,,,35-54
R_7CjJC5qdWwFZiM1,1,38,0,0,,,,,,,,,,,,,,,,,,,,,,,,,,,0.800000011920929,,0,,,,,,,,,,,,,,,,,,,,,,,0,,,,,,,,,55+
R_19tfykMDIqB9sZt,1,26,0,0,1,25-34,,,,,,,,,,,,,,,,,,,,,,,,,0.800000011920929,,0,,,,,,,,,,,,,,,,,,,,,,,0,,,,,,,,,18-34
R_3HiCgzrGrw4MYXz,1,24,0,0,1,25-34,,,,,,,,,,,,,,,,,,,,,,,,,0.800000011920929,,0,,,,,,,,,,,,,,,,,,,,,,,0,,,,,,,,,18-34
R_6YgWa1wte2bgWMp,1,48,0,0,1,25-34,,,,,,,,,,,,,,,,,,,,,,,,,0.800000011920929,,0,,,,,,,,,,,,,,,,,,,,,,,0,,,,,,,,,18-34
R_3hF0ymxeNK51oHW,1,15,0,0,2,25-34,,,,,,,,,,,,,,,,,,,,,,,,,0.899999976158142,,0,,,,,,,,,,,,,,,,,,,,,,,0,,,,,,,,,18-34
R_67fMhA85je25ncV,1,246,0,0,1,Under18,4,2,3,1,3,7,6,7,4,7,5,7,7,6,5,7,7,"4,6",4,3,1,1,,,0.800000011920929,,1,7,7,7,7,7,7,7,7,7,1,1,1,,,,,,,expert_meat_influencer_oil,tfft,expert,influencer,1,5.8,6.4,7,,7,,1,1,55+
R_3qrzwnfs8yua3x7,1,19,0,0,2,18-24,2,,,,,,,,,,,,,,,,,,,,,,,,0.800000011920929,,0,,,,,,,,,,,,,,,,,,,,,,,0,,,,,,,,,18-34
R_35L9tjns5iXSqjt,1,14,0,0,2,18-24,2,,,,,,,,,,,,,,,,,,,,,,,,0.800000011920929,,0,,,,,,,,,,,,,,,,,,,,,,,0,,,,,,,,,18-34
R_7Vgu330sQCH5iYj,1,10,0,0,1,25-34,,,,,,,,,,,,,,,,,,,,,,,,,1,,0,,,,,,,,,,,,,,,,,,,,,,,0,,,,,,,,,18-34
R_7tgmXOquNE6KPzc,1,30,0,0,2,45-54,2,,,,,,,,,,,,,,,,,,,,,,,,0.800000011920929,,0,,,,,,,,,,,,,,,,,,,,,,,0,,,,,,,,,35-54
R_7wrrU70QYvhMVsR,1,15,0,0,2,25-34,,,,,,,,,,,,,,,,,,,,,,,,,1,,0,,,,,,,,,,,,,,,,,,,,,,,0,,,,,,,,,18-34
R_5zlaWFZuPKPu1u9,1,32,0,0,1,55-64,2,,,,,,,,,,,,,,,,,,,,,,,,0.899999976158142,,0,,,,,,,,,,,,,,,,,,,,,,,0,,,,,,,,,55+
R_5YDOKpGwq684y9U,1,17,0,0,1,18-24,2,,,,,,,,,,,,,,,,,,,,,,,,0.800000011920929,,0,,,,,,,,,,,,,,,,,,,,,,,0,,,,,,,,,18-34
R_1du0G3jaZCLqWNH,1,209,0,0,1,25-34,,,,,,,,,,,,,,,,,,,,,,,,,1,,0,,,,,,,,,,,,,,,,,,,,,,,0,,,,,,,,,18-34
R_5bIfSyUOPoYcqi9,1,134,0,0,1,18-24,,,,,,,,,,,,,,,,,,,,,,,,,0.899999976158142,,0,,,,,,,,,,,,,,,,,,,,,,,0,,,,,,,,,18-34
R_5UY45POl61E5tGK,1,30,0,0,1,25-34,,,,,,,,,,,,,,,,,,,,,,,,,0.800000011920929,,0,,,,,,,,,,,,,,,,,,,,,,,0,,,,,,,,,18-34
R_7SQs5Rtanj1Leql,1,20,0,0,2,25-34,,,,,,,,,,,,,,,,,,,,,,,,,0.899999976158142,,0,,,,,,,,,,,,,,,,,,,,,,,0,,,,,,,,,18-34
R_5KKTlG5MUWYHCMN,1,22,0,0,2,45-54,2,,,,,,,,,,,,,,,,,,,,,,,,0.5,,0,,,,,,,,,,,,,,,,,,,,,,,0,,,,,,,,,35-54
R_1psRROyuy9Kw6ML,1,15,0,0,2,18-24,2,,,,,,,,,,,,,,,,,,,,,,,,0.800000011920929,,0,,,,,,,,,,,,,,,,,,,,,,,0,,,,,,,,,18-34
R_5AZKOq305hodNoF,1,41,0,0,2,55-64,2,,,,,,,,,,,,,,,,,,,,,,,,0.899999976158142,,0,,,,,,,,,,,,,,,,,,,,,,,0,,,,,,,,,55+
R_3EsXe2qGJL5paEt,1,44,0,0,1,25-34,,,,,,,,,,,,,,,,,,,,,,,,,0.800000011920929,,0,,,,,,,,,,,,,,,,,,,,,,,0,,,,,,,,,18-34
R_6dEuRBhqripcseL,1,9,0,0,2,18-24,2,,,,,,,,,,,,,,,,,,,,,,,,0.800000011920929,,0,,,,,,,,,,,,,,,,,,,,,,,0,,,,,,,,,18-34
R_6fxhL96dannJWsK,1,21,0,0,2,Under18,2,,,,,,,,,,,,,,,,,,,,,,,,0.800000011920929,,0,,,,,,,,,,,,,,,,,,,,,,,0,,,,,,,,,55+
R_1x5niS8ErDJp2j7,1,26,0,0,1,25-34,,,,,,,,,,,,,,,,,,,,,,,,,0.899999976158142,,0,,,,,,,,,,,,,,,,,,,,,,,0,,,,,,,,,18-34
R_5hsCBqxcQzqGwDj,1,70,0,0,2,18-24,2,,,,,,,,,,,,,,,,,,,,,,,,1,,0,,,,,,,,,,,,,,,,,,,,,,,0,,,,,,,,,18-34
R_3ohFisnh1ymm5lT,1,59,0,0,2,25-34,,,,,,,,,,,,,,,,,,,,,,,,,0.899999976158142,,0,,,,,,,,,,,,,,,,,,,,,,,0,,,,,,,,,18-34
R_7MYDFvgen38B5MB,1,20,0,0,2,55-64,2,,,,,,,,,,,,,,,,,,,,,,,,0.800000011920929,,0,,,,,,,,,,,,,,,,,,,,,,,0,,,,,,,,,55+
R_71BhpM6u2j2wx3t,1,43,0,0,1,Under18,2,,,,,,,,,,,,,,,,,,,,,,,,0.800000011920929,,0,,,,,,,,,,,,,,,,,,,,,,,0,,,,,,,,,55+
R_6hzek08N2DK1nVT,1,17,0,0,2,18-24,2,,,,,,,,,,,,,,,,,,,,,,,,0.899999976158142,,0,,,,,,,,,,,,,,,,,,,,,,,0,,,,,,,,,18-34
R_52K2DCTLVfxsLyD,1,13,0,0,1,18-24,2,,,,,,,,,,,,,,,,,,,,,,,,1,,0,,,,,,,,,,,,,,,,,,,,,,,0,,,,,,,,,18-34
R_1l4B5h5L8JB5DSZ,1,974,0,1,2,18-24,1,2,3,1,3,4,7,7,7,5,5,5,7,7,5,4,5,"1,3",4,1,,,1,1,1,,1,,,,4,4,3,4,3,2,,,,3,2,2,3,2,2,influencer_meat_expert_oil,ftft,influencer,expert,0,6.2,5.6,,2.33333333333333,2.33333333333333,2.33333333333333,,2.33333333333333,18-34
R_5me8h3KSQFJ3vLr,1,19,0,0,1,Under18,2,,,,,,,,,,,,,,,,,,,,,,,,0.800000011920929,,0,,,,,,,,,,,,,,,,,,,,,,,0,,,,,,,,,55+
R_3RIJV9RvLJJBHnb,1,30,0,0,2,25-34,,,,,,,,,,,,,,,,,,,,,,,,,1,,0,,,,,,,,,,,,,,,,,,,,,,,0,,,,,,,,,18-34
R_5ZEcxiPVcGp1FK2,1,1209,0,2,1,18-24,4,2,3,1,3,4,7,7,7,7,7,7,7,7,7,7,7,4,4,3,,,4,2,1,,1,,,,4,4,4,4,4,4,,,,4,4,4,4,4,4,influencer_meat_expert_oil,tfft,influencer,expert,1,7,7,,4,4,4,,4,18-34
R_3HkaSwRZB1vcweb,1,14,0,0,2,18-24,2,,,,,,,,,,,,,,,,,,,,,,,,0.800000011920929,,0,,,,,,,,,,,,,,,,,,,,,,,0,,,,,,,,,18-34
R_5rfpTMaWkctW6B3,1,34,0,0,2,25-34,,,,,,,,,,,,,,,,,,,,,,,,,1,,0,,,,,,,,,,,,,,,,,,,,,,,0,,,,,,,,,18-34
R_3HefORYfMuWuqsZ,1,2093,0,0,2,Under18,2,,,,,,,,,,,,,,,,,,,,,,,,1,,0,,,,,,,,,,,,,,,,,,,,,,,0,,,,,,,,,55+
R_3ccKDccPu5el8dU,1,87,0,0,2,55-64,2,,,,,,,,,,,,,,,,,,,,,,,,1,,0,,,,,,,,,,,,,,,,,,,,,,,0,,,,,,,,,55+
R_78MTC4MHsPvapaI,1,2751,0,0,2,18-24,2,,,,,,,,,,,,,,,,,,,,,,,,1,,0,,,,,,,,,,,,,,,,,,,,,,,0,,,,,,,,,18-34
R_6wN8EunlPvAE3lW,1,182,0,1,1,Under18,2,2,1,1,3,6,5,5,7,4,6,5,7,6,4,5,6,"4,6",4,3,1,2,,,0.899999976158142,,1,7,7,7,7,7,7,7,7,7,7,7,7,,,,,,,expert_meat_influencer_oil,tfft,expert,influencer,0,5.4,5.6,7,,7,,7,7,55+
R_12hukQpmNvch4g9,1,700,0,0,1,Under18,2,2,2,1,3,2,7,5,5,6,6,4,6,7,5,6,2,"2,3",4,3,1,1,,,0.600000023841858,,1,5,7,4,5,6,7,4,7,5,5,7,4,,,,,,,expert_meat_influencer_oil,ftft,expert,influencer,1,5.8,5.2,5.33333333333333,,5.33333333333333,,5.33333333333333,5.33333333333333,55+
R_6fwdrjSDyj7jLHl,1,199,0,4,1,25-34,2,2,2,1,1,5,4,4,5,3,2,3,4,4,3,3,5,1,1,5,5,3,,,0.800000011920929,,1,4,4,4,4,4,4,4,4,4,4,4,3,,,,,,,expert_meat_influencer_oil,tfft,expert,influencer,0,3.6,3.8,4,,4,,3.66666666666667,3.66666666666667,18-34
R_1lxHFDyWk2Y1S8g,1,411,0,1,1,45-54,4,2,5,1,4,2,7,7,7,7,7,7,7,7,7,7,7,"1,2,3,4,6,5",4,3,3,1,,,0.800000011920929,,1,7,7,7,7,7,7,7,7,7,7,7,7,,,,,,,expert_meat_influencer_oil,ftft,expert,influencer,0,7,7,7,,7,,7,7,35-54
R_7lJxkEIYoZOiqpH,1,389,0,0,1,55-64,2,2,5,1,4,2,6,6,5,4,1,7,4,6,4,7,6,"1,6",4,3,,,1,1,0.800000011920929,,1,,,,4,4,4,4,4,5,,,,5,5,5,4,5,5,influencer_meat_expert_oil,tfft,influencer,expert,1,4.4,5.4,,5,5,4.66666666666667,,4.66666666666667,55+
R_62joFN36r16xKN3,1,920,0,0,1,25-34,2,2,1,1,2,4,5,4,7,5,4,4,6,6,6,6,6,"1,3,6",4,3,,,1,1,0.899999976158142,,1,,,,5,4,5,6,6,7,,,,5,5,5,6,5,6,influencer_meat_expert_oil,ftft,influencer,expert,1,5,6,,5,5,5.66666666666667,,5.66666666666667,18-34
R_7WvUtYucC7cnkeR,1,197,0,1,1,25-34,5,2,2,1,4,5,7,6,3,4,3,6,6,6,5,2,1,"1,4",4,3,1,3,,,1,,1,5,6,7,2,3,1,4,6,2,5,1,2,,,,,,,expert_meat_influencer_oil,tfft,expert,influencer,0,4.6,4,6,,6,,2.66666666666667,2.66666666666667,18-34
R_1siQjcrb3Rzrp0C,1,562,0,2,1,25-34,2,2,4,1,4,2,7,5,5,6,4,6,6,7,6,5,5,"1,4,6",4,3,,,4,4,0.899999976158142,,1,,,,3,4,5,4,5,6,,,,5,5,6,2,4,5,influencer_meat_expert_oil,ftft,influencer,expert,1,5.4,5.8,,5.33333333333333,5.33333333333333,3.66666666666667,,3.66666666666667,18-34
R_3NXa2H5O9eYVQZx,1,498,0,2,1,25-34,2,2,1,1,1,4,5,4,7,5,1,7,5,5,5,5,5,1,4,1,1,5,,,0.899999976158142,,1,5,5,6,4,4,5,7,7,7,4,4,4,,,,,,,expert_meat_influencer_oil,ftft,expert,influencer,0,4.4,5,5.33333333333333,,5.33333333333333,,4,4,18-34
R_5DupOrdLXPvKiqq,1,807,0,1,1,25-34,4,2,5,1,4,6,7,5,7,7,7,6,5,6,7,6,7,"3,4",4,3,,,3,1,1,,1,,,,7,6,6,7,6,7,,,,7,6,7,7,6,7,influencer_meat_expert_oil,tfft,influencer,expert,1,6.6,6.2,,6.66666666666667,6.66666666666667,6.66666666666667,,6.66666666666667,18-34
R_1uPqqPXpAi5BfbQ,1,15,0,0,1,Under18,2,,,,,,,,,,,,,,,,,,,,,,,,0.899999976158142,,0,,,,,,,,,,,,,,,,,,,,,,,0,,,,,,,,,55+
R_7OiZkHhrIJxShj1,1,547,0,0,1,55-64,2,,,,,,,,,,,,,,,,,,,,,,,,1,,0,,,,,,,,,,,,,,,,,,,,,,,0,,,,,,,,,55+
R_3E0xD5TaesP6dtm,1,19,0,0,1,Under18,2,,,,,,,,,,,,,,,,,,,,,,,,1,,0,,,,,,,,,,,,,,,,,,,,,,,0,,,,,,,,,55+
R_51bR3AvAD04ImSj,1,245,0,0,2,Under18,2,,,,,,,,,,,,,,,,,,,,,,,,1,,0,,,,,,,,,,,,,,,,,,,,,,,0,,,,,,,,,55+
R_7QVf5JfIcXtFmRX,1,21,0,0,1,Under18,2,,,,,,,,,,,,,,,,,,,,,,,,0.899999976158142,,0,,,,,,,,,,,,,,,,,,,,,,,0,,,,,,,,,55+
R_3FhLgEAePfY0q5P,1,31,0,0,1,55-64,2,,,,,,,,,,,,,,,,,,,,,,,,1,,0,,,,,,,,,,,,,,,,,,,,,,,0,,,,,,,,,55+
R_3HoX56ECY5f4XfD,1,18,0,0,1,Under18,2,,,,,,,,,,,,,,,,,,,,,,,,1,,0,,,,,,,,,,,,,,,,,,,,,,,0,,,,,,,,,55+
R_6P8swokW5m8e5J7,1,85,0,0,1,18-24,2,,,,,,,,,,,,,,,,,,,,,,,,1,,0,,,,,,,,,,,,,,,,,,,,,,,0,,,,,,,,,18-34
R_3t39nLiCeVBcKv7,1,157,0,2,1,Under18,1,2,1,1,1,4,4,4,5,2,4,3,6,4,5,3,4,"3,4",4,3,2,4,,,1,,1,4,2,6,6,3,3,6,2,7,7,7,7,,,,,,,expert_meat_influencer_oil,tfft,expert,influencer,0,3.8,4.4,4,,4,,7,7,55+
R_1FLm3DByvl3r6lC,1,187,0,2,1,25-34,1,2,1,1,4,4,5,4,4,5,5,5,6,5,6,5,6,3,4,6,,,2,1,1,,1,,,,5,4,5,3,3,4,,,,5,4,5,5,5,4,influencer_meat_expert_oil,ftft,influencer,expert,0,4.6,5.6,,4.66666666666667,4.66666666666667,4.66666666666667,,4.66666666666667,18-34
R_51t9UMOh6qfAcIy,1,229,0,1,1,25-34,1,2,3,1,4,7,6,6,7,6,6,7,6,6,6,6,7,"1,3,4,6",4,3,1,3,,,0.899999976158142,,1,6,6,6,5,5,6,6,6,6,6,6,7,,,,,,,expert_meat_influencer_oil,ftft,expert,influencer,0,6.2,6.2,6,,6,,6.33333333333333,6.33333333333333,18-34
R_3B3xwfE20fHD0tu,1,504,0,0,1,55-64,1,2,2,1,4,6,5,6,6,5,5,7,5,5,5,5,6,"1,3",4,3,,,1,1,1,,1,,,,6,6,6,6,6,6,,,,6,6,6,6,6,6,influencer_meat_expert_oil,tfft,influencer,expert,1,5.4,5.2,,6,6,6,,6,55+
R_1lm0zhxTzOAmbIJ,1,842,0,1,1,55-64,1,2,6,1,1,4,6,6,6,4,1,4,3,5,3,5,5,"1,2,8",4,3,3,1,,,0.899999976158142,,1,4,5,5,4,4,4,5,5,5,5,5,5,,,,,,,expert_meat_influencer_oil,tfft,expert,influencer,0,4.6,4.2,4.66666666666667,,4.66666666666667,,5,5,55+
R_7CZt3hCOF69T3q3,1,670,0,0,1,25-34,1,2,6,1,4,7,6,5,7,6,4,7,6,7,5,7,7,"1,2,3,5",4,3,,,1,1,0.899999976158142,,1,,,,4,3,1,3,4,4,,,,1,1,1,4,3,4,influencer_meat_expert_oil,ftft,influencer,expert,1,5.6,6.4,,1,1,3.66666666666667,,3.66666666666667,18-34
